study_id,study_order,lhq_id,lhq_link,jatos_id,jatos_link,recruitment,date_sent,consent_returned,in_quebec,lhq_completed,study_completed,credit_assigned/compensation,comments
S01,Eng-Fr_BL,qche8,https://lhq3.herokuapp.com/student/student_signin/?questionnaire_ID=alf86auf,1807,https://onlinetesting.brams.org/otp/publix/50/start?batchId=218&personalSingleWorkerId=1807&pre,SONA,10/30/2020,yes,yes,yes,no?,yes,Participant couldn't access study so sent new link (old jaots_id: 1268 and old link: https://onlinetesting.brams.org/otp/publix/50/start?batchId=80&personalSingleWorkerId=1268). Participant finished the study but computer froze and we lost the data? Didn't resend link because she claimed to have seen the whole experiment.
S02,Fr-Eng_BL,bznm0,https://lhq3.herokuapp.com/student/student_signin/?questionnaire_ID=alf86auf,1294,https://onlinetesting.brams.org/otp/publix/52/start?batchId=82&personalSingleWorkerId=1294,SONA,10/30/2020,,,yes,,,
S03,Eng-Fr_BR,ltgk5,https://lhq3.herokuapp.com/student/student_signin/?questionnaire_ID=alf86auf,1841,https://onlinetesting.brams.org/otp/publix/51/start?batchId=224&personalSingleWorkerId=1841&pre,SONA,10/30/2020,yes,yes,yes,yes,yes,Participant couldn't access study so sent new link (old jaots_id: 1237 and old link: https://onlinetesting.brams.org/otp/publix/51/start?batchId=78&personalSingleWorkerId=1237)
S04,Fr-Eng_BR,fzgb1,https://lhq3.herokuapp.com/student/student_signin/?questionnaire_ID=alf86auf,1707,https://onlinetesting.brams.org/otp/publix/53/start?batchId=205&personalSingleWorkerId=1707&pre,SONA,10/30/2020,yes,yes,yes,yes,yes,Participant adjusted their volume and accidentally skipped instructions so had to provide a new link. Old jatos id: 1319 and old link: https://onlinetesting.brams.org/otp/publix/53/start?batchId=83&personalSingleWorkerId=1319. Participant had a second issue with the link - got an error message and then said study could only be done once so sent new link again (old jatos_id: 1470 old jatos_link: https://onlinetesting.brams.org/otp/publix/53/start?batchId=121&personalSingleWorkerId=1470)
S05,Eng-Fr_BL,dwgi1,https://lhq3.herokuapp.com/student/student_signin/?questionnaire_ID=alf86auf,1820,https://onlinetesting.brams.org/otp/publix/50/start?batchId=222&personalSingleWorkerId=1820&pre,SONA,10/30/2020,yes,yes,yes,yes,yes,"Participant didn't realize experiement would start right away, wasn't ready, sent new linke (old jatos_id: 1269 old link: https://onlinetesting.brams.org/otp/publix/50/start?batchId=80&personalSingleWorkerId=1269)"
S06,Fr-Eng_BL,nljt7,https://lhq3.herokuapp.com/student/student_signin/?questionnaire_ID=alf86auf,1938,https://onlinetesting.brams.org/otp/publix/52/start?batchId=234&personalSingleWorkerId=1938&pre,SONA,10/30/2020,,,yes,,,Participant had error message that batch was inactive so sent a new link (old jatos_id: 1295 old link: https://onlinetesting.brams.org/otp/publix/52/start?batchId=82&personalSingleWorkerId=1295). Had another problem old jatos id: 1791 and old link: https://onlinetesting.brams.org/otp/publix/52/start?batchId=216&personalSingleWorkerId=1791&pre
S07,Eng-Fr_BR,aqcx7,https://lhq3.herokuapp.com/student/student_signin/?questionnaire_ID=alf86auf,1238,https://onlinetesting.brams.org/otp/publix/51/start?batchId=78&personalSingleWorkerId=1238,SONA,10/30/2020,,,,,,
S08,Fr-Eng_BR,kusr8,https://lhq3.herokuapp.com/student/student_signin/?questionnaire_ID=alf86auf,1320,https://onlinetesting.brams.org/otp/publix/53/start?batchId=83&personalSingleWorkerId=1320,SONA,10/30/2020,no,no,no,no,no,Participant cancelled their sign up for the study via SONA.
S09,Eng-Fr_BL,jmhb1,https://lhq3.herokuapp.com/student/student_signin/?questionnaire_ID=alf86auf,1270,https://onlinetesting.brams.org/otp/publix/50/start?batchId=80&personalSingleWorkerId=1270,SONA,10/30/2020,no,no,yes,no,no,Participant cancelled their sign up for the study via SONA.
S10,Fr-Eng_BL,bpox3,https://lhq3.herokuapp.com/student/student_signin/?questionnaire_ID=alf86auf,1436,https://onlinetesting.brams.org/otp/publix/52/start?batchId=120&personalSingleWorkerId=1463,SONA,10/30/2020,yes,yes,yes,no,yes,"Had an issue with link (got an error message that said the batch was inactive) so sent new link. Old jatos_id: 1296 and old link: https://onlinetesting.brams.org/otp/publix/52/start?batchId=82&personalSingleWorkerId=1296). Was unable to complete the study in the end, problem with the program so assigned the credit anyways."
S11,Eng-Fr_BR,mitq0,https://lhq3.herokuapp.com/student/student_signin/?questionnaire_ID=alf86auf,1435,https://onlinetesting.brams.org/otp/publix/51/start?batchId=111&personalSingleWorkerId=1435,SONA,10/30/2020,yes,yes,yes,yes,yes,Had an issue with link (got an error message that said the link can only be used once) so sent new link. Old jatos_id: 1239 and old link: https://onlinetesting.brams.org/otp/publix/51/start?batchId=78&personalSingleWorkerId=1239
S12,Fr-Eng_BR,ucfq6,https://lhq3.herokuapp.com/student/student_signin/?questionnaire_ID=alf86auf,1321,https://onlinetesting.brams.org/otp/publix/53/start?batchId=83&personalSingleWorkerId=1321,SONA,10/30/2020,yes,yes,yes,yes,yes,
S13,Eng-Fr_BL,gmpn9,https://lhq3.herokuapp.com/student/student_signin/?questionnaire_ID=alf86auf,1708,https://onlinetesting.brams.org/otp/publix/50/start?batchId=206&personalSingleWorkerId=1708,SONA,10/30/2020,yes,yes,yes,yes,yes,"Participant started study on Ipad, realized it didn't work so switched to a computer and couldn't re-access study. Jatos showed that they hadn't seen any of the study so sent a new link (old jatos_id: 1271 old jatos_link: https://onlinetesting.brams.org/otp/publix/50/start?batchId=80&personalSingleWorkerId=1271)."
S14,Fr-Eng_BL,avrz3,https://lhq3.herokuapp.com/student/student_signin/?questionnaire_ID=alf86auf,1297,https://onlinetesting.brams.org/otp/publix/52/start?batchId=82&personalSingleWorkerId=1297,SONA,10/30/2020,no,no,no,no,no,Participant cancelled their sign up for the study via SONA.
S15,Eng-Fr_BR,ptnl1,https://lhq3.herokuapp.com/student/student_signin/?questionnaire_ID=alf86auf,1993,https://onlinetesting.brams.org/otp/publix/51/start?batchId=243&personalSingleWorkerId=1993&pre,SONA,10/31/2020,yes,yes,yes,yes,yes,"Had a problem with the link so sent new one (old jatos_id: 1240, old link: https://onlinetesting.brams.org/otp/publix/51/start?batchId=78&personalSingleWorkerId=1240)"
S16,Fr-Eng_BR,pzcx9,https://lhq3.herokuapp.com/student/student_signin/?questionnaire_ID=alf86auf,1322,https://onlinetesting.brams.org/otp/publix/53/start?batchId=83&personalSingleWorkerId=1322,SONA,11/1/2020,yes,yes,yes,yes,yes,
S17,Eng-Fr_BL,jlqc0,https://lhq3.herokuapp.com/student/student_signin/?questionnaire_ID=alf86auf,1272,https://onlinetesting.brams.org/otp/publix/50/start?batchId=80&personalSingleWorkerId=1272,SONA,11/2/2020,yes,yes,yes,yes,yes,
S18,Fr-Eng_BL,pkqj2,https://lhq3.herokuapp.com/student/student_signin/?questionnaire_ID=alf86auf,1881,https://onlinetesting.brams.org/otp/publix/52/start?batchId=226&personalSingleWorkerId=1881&pre,SONA,11/2/2020,yes,yes,yes,yes,yes,"Had an error with the study - said batch is inactive so sent new link (old jatos_id: 1298 old link: https://onlinetesting.brams.org/otp/publix/52/start?batchId=82&personalSingleWorkerId=1298). Had another error, sent another link (second jatos_id: 1815 second link: https://onlinetesting.brams.org/otp/publix/52/start?batchId=221&personalSingleWorkerId=1815&pre)."
S19,Eng-Fr_BR,vgen8,https://lhq3.herokuapp.com/student/student_signin/?questionnaire_ID=alf86auf,1241,https://onlinetesting.brams.org/otp/publix/51/start?batchId=78&personalSingleWorkerId=1241,SONA,11/2/2020,yes,yes,yes,yes,yes,
S20,Fr-Eng_BR,oyfc7,https://lhq3.herokuapp.com/student/student_signin/?questionnaire_ID=alf86auf,1323,https://onlinetesting.brams.org/otp/publix/53/start?batchId=83&personalSingleWorkerId=1323,SONA,11/3/2020,,,yes,,,
S21,Eng-Fr_BL,czvd8,https://lhq3.herokuapp.com/student/student_signin/?questionnaire_ID=alf86auf,1273,https://onlinetesting.brams.org/otp/publix/50/start?batchId=80&personalSingleWorkerId=1273,SONA,11/5/2020,yes,yes,yes,yes,yes,
S22,Fr-Eng_BL,eqrx3,https://lhq3.herokuapp.com/student/student_signin/?questionnaire_ID=alf86auf,1299,https://onlinetesting.brams.org/otp/publix/52/start?batchId=82&personalSingleWorkerId=1299,SONA,11/6/2020,yes,yes,yes,yes,yes,
S23,Eng-Fr_BR,vlme3,https://lhq3.herokuapp.com/student/student_signin/?questionnaire_ID=alf86auf,1242,https://onlinetesting.brams.org/otp/publix/51/start?batchId=78&personalSingleWorkerId=1242,SONA,11/6/2020,,,yes,,,
S24,Fr-Eng_BR,onmo9,https://lhq3.herokuapp.com/student/student_signin/?questionnaire_ID=alf86auf,1324,https://onlinetesting.brams.org/otp/publix/53/start?batchId=83&personalSingleWorkerId=1324,SONA,11/9/2020,yes,yes,yes,yes,yes,
S25,Eng-Fr_BL,edvs5,https://lhq3.herokuapp.com/student/student_signin/?questionnaire_ID=alf86auf,1274,https://onlinetesting.brams.org/otp/publix/50/start?batchId=80&personalSingleWorkerId=1274,SONA,11/9/2020,no,no,no,no,no,Participant cancelled their sign up for the study via SONA.
S26,Fr-Eng_BL,bluv0,https://lhq3.herokuapp.com/student/student_signin/?questionnaire_ID=alf86auf,1300,https://onlinetesting.brams.org/otp/publix/52/start?batchId=82&personalSingleWorkerId=1300,SONA,11/9/2020,no,no,yes,no,no,Participant completed the LHQ and then cancelled their sign up for the study via SONA.
S27,Eng-Fr_BR,etvq9,https://lhq3.herokuapp.com/student/student_signin/?questionnaire_ID=alf86auf,1553,https://onlinetesting.brams.org/otp/publix/51/start?batchId=168&personalSingleWorkerId=1553&pre,SONA,11/9/2020,yes,yes,yes,yes,yes,"Had an issue with link (got an error message that said the link can only be used once) so sent new link. Old jatos_id: 1243 and old link: https://onlinetesting.brams.org/otp/publix/51/start?batchId=78&personalSingleWorkerId=1243). Had a new issue with the second link, so sent a third on second jatos id: 1541 and second link: https://onlinetesting.brams.org/otp/publix/51/start?batchId=154&personalSingleWorkerId=1531)."
S28,Fr-Eng_BR,lkyg1,https://lhq3.herokuapp.com/student/student_signin/?questionnaire_ID=alf86auf,1325,https://onlinetesting.brams.org/otp/publix/53/start?batchId=83&personalSingleWorkerId=1325,SONA,11/9/2020,no,no,no,no,no,Participant cancelled their sign up for the study via SONA.
S29,Eng-Fr_BL,vdqd7,https://lhq3.herokuapp.com/student/student_signin/?questionnaire_ID=alf86auf,1709,https://onlinetesting.brams.org/otp/publix/50/start?batchId=207&personalSingleWorkerId=1709&pre,SONA,11/12/2020,no,no,yes,no,no,Participant had an error with the study. The study loaded but there was no sound and couldn't continute by pressing keys so sent new link (old jatos_id: 1275 and old jatos_link: https://onlinetesting.brams.org/otp/publix/50/start?batchId=80&personalSingleWorkerId=1275). Participant completed LHQ and then cancelled sign up via SONA.
S30,Fr-Eng_BL,rizl3,https://lhq3.herokuapp.com/student/student_signin/?questionnaire_ID=alf86auf,2392,https://onlinetesting.brams.org/otp/publix/52/start?batchId=290&personalSingleWorkerId=2392&pre,public,11/13/2020,yes,yes,yes,no,yes,"Had an issue with link, sent new one (old jatos_id: 1301, link: https://onlinetesting.brams.org/otp/publix/52/start?batchId=82&personalSingleWorkerId=1301). Completed the study but then got an error message saying data could not be transferred so we didn't actually get any of the data. Sent compensation anyways."
S31,Eng-Fr_BR,ambu1,https://lhq3.herokuapp.com/student/student_signin/?questionnaire_ID=alf86auf,1244,https://onlinetesting.brams.org/otp/publix/51/start?batchId=78&personalSingleWorkerId=1244,public,11/13/2020,,,yes,,,
S32,Fr-Eng_BR,msge4,https://lhq3.herokuapp.com/student/student_signin/?questionnaire_ID=alf86auf,1326,https://onlinetesting.brams.org/otp/publix/53/start?batchId=83&personalSingleWorkerId=1326,public,11/13/2020,yes,yes,yes,yes,yes,
S33,Eng-Fr_BL,rikj5,https://lhq3.herokuapp.com/student/student_signin/?questionnaire_ID=alf86auf,2367,https://onlinetesting.brams.org/otp/publix/50/start?batchId=286&personalSingleWorkerId=2367&pre,public,11/13/2020,,yes,yes,,,"Accidentally skipped instructions and closed the experiement so sent new link (old jatos_id: 1276, link: https://onlinetesting.brams.org/otp/publix/50/start?batchId=80&personalSingleWorkerId=1276)."
S34,Fr-Eng_BL,seyz0,https://lhq3.herokuapp.com/student/student_signin/?questionnaire_ID=alf86auf,2350,https://onlinetesting.brams.org/otp/publix/52/start?batchId=279&personalSingleWorkerId=2350&pre,public,11/13/2020,yes,yes,yes,no,yes,"First link didn't work, sent new one (old jatos_id: 1302, old link: https://onlinetesting.brams.org/otp/publix/52/start?batchId=82&personalSingleWorkerId=1302). Completed whole study, but data didn't transfer at the end."
S35,Eng-Fr_BR,hahx9,https://lhq3.herokuapp.com/student/student_signin/?questionnaire_ID=alf86auf,1245,https://onlinetesting.brams.org/otp/publix/51/start?batchId=78&personalSingleWorkerId=1245,SONA,11/13/2020,,,yes,,,
S36,Fr-Eng_BR,acjr5,https://lhq3.herokuapp.com/student/student_signin/?questionnaire_ID=alf86auf,1327,https://onlinetesting.brams.org/otp/publix/53/start?batchId=83&personalSingleWorkerId=1327,SONA,11/13/2020,no,no,no,no,no,Participant cancelled their sign up for the study via SONA.
S37,Eng-Fr_BL,tvxz1,https://lhq3.herokuapp.com/student/student_signin/?questionnaire_ID=alf86auf,1796,https://onlinetesting.brams.org/otp/publix/50/start?batchId=217&personalSingleWorkerId=1796&pre,SONA,11/17/2020,yes,yes,yes,no,no,"Participant received an error message when accessing the experiment and then couldn't get in because they had already opened the study. Sent new link (old jatos_id: 1277 old jatos link: https://onlinetesting.brams.org/otp/publix/50/start?batchId=80&personalSingleWorkerId=1277). Same issue happened, sent third link (second jatos_id: 1658 second link: https://onlinetesting.brams.org/otp/publix/50/start?batchId=195&personalSingleWorkerId=1658). Already clicked link so had to send a new one (old jatos_id: 1788 link: https://onlinetesting.brams.org/otp/publix/50/start?batchId=213&personalSingleWorkerId=1788&pre)"
S38,Fr-Eng_BL,nust7,https://lhq3.herokuapp.com/student/student_signin/?questionnaire_ID=alf86auf,1303,https://onlinetesting.brams.org/otp/publix/52/start?batchId=82&personalSingleWorkerId=1303,SONA,11/17/2020,yes,yes,yes,yes,yes,
S39,Eng-Fr_BR,vdjp7,https://lhq3.herokuapp.com/student/student_signin/?questionnaire_ID=alf86auf,1789,https://onlinetesting.brams.org/otp/publix/51/start?batchId=214&personalSingleWorkerId=1789&pre,public,11/17/2020,,yes,yes,,,"Went to do the study on firefox, send browser doesn't support the application. Exited and couldn't access study again so sent new link (old jatos_id: 1246 old link:https://onlinetesting.brams.org/otp/publix/51/start?batchId=78&personalSingleWorkerId=1246)"
S40,Fr-Eng_BR,lcdi4,https://lhq3.herokuapp.com/student/student_signin/?questionnaire_ID=alf86auf,1328,https://onlinetesting.brams.org/otp/publix/53/start?batchId=83&personalSingleWorkerId=1328,SONA,11/18/2020,no,no,no,no,no,Participant cancelled their sign up for the study via SONA.
S41,Eng-Fr_BL,nymh1,https://lhq3.herokuapp.com/student/student_signin/?questionnaire_ID=alf86auf,1278,https://onlinetesting.brams.org/otp/publix/50/start?batchId=80&personalSingleWorkerId=1278,public,11/18/2020,,,,,,
S42,Fr-Eng_BL,ulcv7,https://lhq3.herokuapp.com/student/student_signin/?questionnaire_ID=alf86auf,1304,https://onlinetesting.brams.org/otp/publix/52/start?batchId=82&personalSingleWorkerId=1304,public,11/18/2020,,,,,,
S43,Eng-Fr_BR,jkli8,https://lhq3.herokuapp.com/student/student_signin/?questionnaire_ID=alf86auf,1247,https://onlinetesting.brams.org/otp/publix/51/start?batchId=78&personalSingleWorkerId=1247,SONA,11/18/2020,yes,yes,yes,no,yes,"Study didnn't save data, gave credit anyways."
S44,Fr-Eng_BR,jbby4,https://lhq3.herokuapp.com/student/student_signin/?questionnaire_ID=alf86auf,1808,https://onlinetesting.brams.org/otp/publix/53/start?batchId=219&personalSingleWorkerId=1808&pre,SONA,11/19/2020,yes,yes,yes,yes,yes,"Had issue with study, tried to restart and couldn't so sent a new link (old jatos_id: 1329 old link: https://onlinetesting.brams.org/otp/publix/53/start?batchId=83&personalSingleWorkerId=1329). Had another error (old jatos_id: 1790, old link: https://onlinetesting.brams.org/otp/publix/51/start?batchId=215&personalSingleWorkerId=1790)."
S45,Eng-Fr_BL,oybb2,https://lhq3.herokuapp.com/student/student_signin/?questionnaire_ID=alf86auf,1279,https://onlinetesting.brams.org/otp/publix/50/start?batchId=80&personalSingleWorkerId=1279,SONA,11/19/2020,no,no,no,no,no,
S46,Fr-Eng_BL,lutc4,https://lhq3.herokuapp.com/student/student_signin/?questionnaire_ID=alf86auf,1305,https://onlinetesting.brams.org/otp/publix/52/start?batchId=82&personalSingleWorkerId=1305,public,11/20/2020,,,,,,
S47,Eng-Fr_BR,zewj8,https://lhq3.herokuapp.com/student/student_signin/?questionnaire_ID=alf86auf,1248,https://onlinetesting.brams.org/otp/publix/51/start?batchId=78&personalSingleWorkerId=1248,SONA,11/20/2020,yes,yes,yes,yes,yes,
S48,Fr-Eng_BR,fbro6,https://lhq3.herokuapp.com/student/student_signin/?questionnaire_ID=alf86auf,1810,https://onlinetesting.brams.org/otp/publix/53/start?batchId=220&personalSingleWorkerId=1810&pre,SONA,11/21/2020,yes,yes,yes,yes,yes,Had issue with study so sent new link (old jatos_id: 1330 and link: https://onlinetesting.brams.org/otp/publix/53/start?batchId=83&personalSingleWorkerId=1330).
S49,Eng-Fr_BL,empm7,https://lhq3.herokuapp.com/student/student_signin/?questionnaire_ID=alf86auf,1280,https://onlinetesting.brams.org/otp/publix/50/start?batchId=80&personalSingleWorkerId=1280,SONA,11/21/2020,yes,yes,yes,yes,yes,
S50,Fr-Eng_BL,dani1,https://lhq3.herokuapp.com/student/student_signin/?questionnaire_ID=alf86auf,1305,https://onlinetesting.brams.org/otp/publix/52/start?batchId=82&personalSingleWorkerId=1305,public,11/21/2020,yes,yes,,,,
S51,Eng-Fr_BR,fubi9,https://lhq3.herokuapp.com/student/student_signin/?questionnaire_ID=alf86auf,1249,https://onlinetesting.brams.org/otp/publix/51/start?batchId=78&personalSingleWorkerId=1249,public,11/21/2020,yes,yes,yes,yes,yes,
S52,Fr-Eng_BR,udhi7,https://lhq3.herokuapp.com/student/student_signin/?questionnaire_ID=alf86auf,1331,https://onlinetesting.brams.org/otp/publix/53/start?batchId=83&personalSingleWorkerId=1331,public,11/21/2020,yes,yes,yes,yes,yes,
S53,Eng-Fr_BL,wydj7,https://lhq3.herokuapp.com/student/student_signin/?questionnaire_ID=alf86auf,1281,https://onlinetesting.brams.org/otp/publix/50/start?batchId=80&personalSingleWorkerId=1281,public,11/21/2020,,,,,,
S54,Fr-Eng_BL,fgjs9,https://lhq3.herokuapp.com/student/student_signin/?questionnaire_ID=alf86auf,1307,https://onlinetesting.brams.org/otp/publix/52/start?batchId=82&personalSingleWorkerId=1307,public,11/21/2020,,,,,,
S55,Eng-Fr_BR,qxxy3,https://lhq3.herokuapp.com/student/student_signin/?questionnaire_ID=alf86auf,1250,https://onlinetesting.brams.org/otp/publix/51/start?batchId=78&personalSingleWorkerId=1250,public,11/21/2020,,,,,,
S56,Fr-Eng_BR,ambc4,https://lhq3.herokuapp.com/student/student_signin/?questionnaire_ID=alf86auf,1332,https://onlinetesting.brams.org/otp/publix/53/start?batchId=83&personalSingleWorkerId=1332,SONA,11/22/2020,yes,yes,yes,no,yes,"Participant was completing the study, got 15 min in but then had an error message. Didn't resend link because saw too much of the study but gave her credit anyways."
S57,Eng-Fr_BL,wytj9,https://lhq3.herokuapp.com/student/student_signin/?questionnaire_ID=alf86auf,2253,https://onlinetesting.brams.org/otp/publix/50/start?batchId=269&personalSingleWorkerId=2253&pre,SONA,11/22/2020,yes,yes,yes,yes,yes,"First link didn’t work, sent a new one (old jatos_id: 1282, old link: https://onlinetesting.brams.org/otp/publix/50/start?batchId=80&personalSingleWorkerId=1282)."
S58,Fr-Eng_BL,qjni2,https://lhq3.herokuapp.com/student/student_signin/?questionnaire_ID=alf86auf,1308,https://onlinetesting.brams.org/otp/publix/52/start?batchId=82&personalSingleWorkerId=1308,SONA,11/24/2020,no,no,no,no,no,Participant cancelled their sign up via SONA.
S59,Eng-Fr_BR,cqhq8,https://lhq3.herokuapp.com/student/student_signin/?questionnaire_ID=alf86auf,2221,https://onlinetesting.brams.org/otp/publix/51/start?batchId=256&personalSingleWorkerId=2221&pre,SONA,11/25/2020,yes,yes,yes,no,yes,"Had an issue with the link so sent a new one (old jatos_id: 1251, link: https://onlinetesting.brams.org/otp/publix/51/start?batchId=78&personalSingleWorkerId=1251). Tried everything but study would not load. Just gave them the credits anyways since thye did ecerything else."
S60,Fr-Eng_BR,eexu5,https://lhq3.herokuapp.com/student/student_signin/?questionnaire_ID=alf86auf,1333,https://onlinetesting.brams.org/otp/publix/53/start?batchId=83&personalSingleWorkerId=1333,public,11/25/2020,,,yes,,,
S61,Eng-Fr_BL,vxln6,https://lhq3.herokuapp.com/student/student_signin/?questionnaire_ID=alf86auf,1283,https://onlinetesting.brams.org/otp/publix/50/start?batchId=80&personalSingleWorkerId=1283,SONA,11/26/2020,yes,yes,yes,yes,yes,
S62,Fr-Eng_BL,xboq8,https://lhq3.herokuapp.com/student/student_signin/?questionnaire_ID=alf86auf,1309,https://onlinetesting.brams.org/otp/publix/52/start?batchId=82&personalSingleWorkerId=1309,SONA,11/27/2020,,,yes,,,
S63,Eng-Fr_BR,wdwl6,https://lhq3.herokuapp.com/student/student_signin/?questionnaire_ID=alf86auf,1901,https://onlinetesting.brams.org/otp/publix/51/start?batchId=229&personalSingleWorkerId=1901&pre,SONA,11/27/2020,yes,yes,yes,yes,yes,"Computer froze before study began, couldn't reopen so sent a new link (old jatos_id: 1252, old link: https://onlinetesting.brams.org/otp/publix/51/start?batchId=78&personalSingleWorkerId=1252)."
S64,Fr-Eng_BR,acjt2,https://lhq3.herokuapp.com/student/student_signin/?questionnaire_ID=alf86auf,1334,https://onlinetesting.brams.org/otp/publix/53/start?batchId=83&personalSingleWorkerId=1334,SONA,11/27/2020,,,yes,,,
S65,Eng-Fr_BL,pqdp7,https://lhq3.herokuapp.com/student/student_signin/?questionnaire_ID=alf86auf,1905,https://onlinetesting.brams.org/otp/publix/50/start?batchId=231&personalSingleWorkerId=1905&pre,SONA,11/28/2020,yes,yes,yes,no,yes,"Had a problem with the link so sent new one (old jatos_id: 1284, old link: https://onlinetesting.brams.org/otp/publix/50/start?batchId=80&personalSingleWorkerId=1284). Had second problem so sent 3rd linke (old jatos_id: 1900, old link: https://onlinetesting.brams.org/otp/publix/50/start?batchId=228&personalSingleWorkerId=1900&pre). Sent third (old jatos_id: 1904, link: https://onlinetesting.brams.org/otp/publix/50/start?batchId=230&personalSingleWorkerId=1904&pre). Study just wouldn't work, kept getting a message saying it could only be done once? Just gave her her credit have sending 3 different links."
S66,Fr-Eng_BL,fpke8,https://lhq3.herokuapp.com/student/student_signin/?questionnaire_ID=alf86auf,1310,https://onlinetesting.brams.org/otp/publix/52/start?batchId=82&personalSingleWorkerId=1310,SONA,11/28/2020,yes,yes,yes,yes,yes,
S67,Eng-Fr_BR,cfaq4,https://lhq3.herokuapp.com/student/student_signin/?questionnaire_ID=alf86auf,1253,https://onlinetesting.brams.org/otp/publix/51/start?batchId=78&personalSingleWorkerId=1253,public,11/28/2020,yes,yes,yes,yes,yes,
S68,Fr-Eng_BR,qcdw7,https://lhq3.herokuapp.com/student/student_signin/?questionnaire_ID=alf86auf,2323,https://onlinetesting.brams.org/otp/publix/53/start?batchId=277&personalSingleWorkerId=2323&pre,SONA,11/29/2020,yes,yes,yes,yes,yes,"Problem with first link, sent new one (old jatos_id: 1335, link: https://onlinetesting.brams.org/otp/publix/53/start?batchId=83&personalSingleWorkerId=1335)."
S69,Eng-Fr_BL,yzoh9,https://lhq3.herokuapp.com/student/student_signin/?questionnaire_ID=alf86auf,1285,https://onlinetesting.brams.org/otp/publix/50/start?batchId=80&personalSingleWorkerId=1285,SONA,11/29/2020,yes,yes,yes,yes,yes,
S70,Fr-Eng_BL,fsjv0,https://lhq3.herokuapp.com/student/student_signin/?questionnaire_ID=alf86auf,1311,https://onlinetesting.brams.org/otp/publix/52/start?batchId=82&personalSingleWorkerId=1311,SONA,11/29/2020,yes,yes,yes,no,yes,Participant got 20 minutes into the study when an error popped up and it shut down. Didn’t resend link because they already did quite a bit but gave credit anyways given that they completed everything else and did most of the study.
S71,Eng-Fr_BR,hree4,https://lhq3.herokuapp.com/student/student_signin/?questionnaire_ID=alf86auf,1254,https://onlinetesting.brams.org/otp/publix/51/start?batchId=78&personalSingleWorkerId=1254,SONA,11/30/2020,no,no,no,no,no,Participant cancelled their sign up for the study via SONA.
S72,Fr-Eng_BR,txca1,https://lhq3.herokuapp.com/student/student_signin/?questionnaire_ID=alf86auf,1336,https://onlinetesting.brams.org/otp/publix/53/start?batchId=83&personalSingleWorkerId=1336,SONA,11/30/2020,yes,yes,yes,yes,yes,
S73,Eng-Fr_BL,odex3,https://lhq3.herokuapp.com/student/student_signin/?questionnaire_ID=alf86auf,1286,https://onlinetesting.brams.org/otp/publix/50/start?batchId=80&personalSingleWorkerId=1286,SONA,11/30/2020,yes,yes,yes,yes,yes,
S74,Fr-Eng_BL,hsxx2,https://lhq3.herokuapp.com/student/student_signin/?questionnaire_ID=alf86auf,1312,https://onlinetesting.brams.org/otp/publix/52/start?batchId=82&personalSingleWorkerId=1312,SONA,11/30/2020,,,,,,
S75,Eng-Fr_BR,wjhh7,https://lhq3.herokuapp.com/student/student_signin/?questionnaire_ID=alf86auf,1255,https://onlinetesting.brams.org/otp/publix/51/start?batchId=78&personalSingleWorkerId=1255,SONA,12/1/2020,,,,,,
S76,Fr-Eng_BR,mscu8,https://lhq3.herokuapp.com/student/student_signin/?questionnaire_ID=alf86auf,1337,https://onlinetesting.brams.org/otp/publix/53/start?batchId=83&personalSingleWorkerId=1337,SONA,12/1/2020,,,,,,
S77,Eng-Fr_BL,eiyu1,https://lhq3.herokuapp.com/student/student_signin/?questionnaire_ID=alf86auf,1287,https://onlinetesting.brams.org/otp/publix/50/start?batchId=80&personalSingleWorkerId=1287,SONA,12/2/2020,yes,yes,yes,yes,yes,
S78,Fr-Eng_BL,xdsk5,https://lhq3.herokuapp.com/student/student_signin/?questionnaire_ID=alf86auf,1313,https://onlinetesting.brams.org/otp/publix/52/start?batchId=82&personalSingleWorkerId=1313,SONA,12/2/2020,no,no,no,no,no,Participant cancelled their sign up for the study via SONA.
S79,Eng-Fr_BR,gjrd5,https://lhq3.herokuapp.com/student/student_signin/?questionnaire_ID=alf86auf,1256,https://onlinetesting.brams.org/otp/publix/51/start?batchId=78&personalSingleWorkerId=1256,SONA,12/2/2020,no,no,no,no,no,Participant cancelled their sign up for the study via SONA.
S80,Fr-Eng_BR,pzqw5,https://lhq3.herokuapp.com/student/student_signin/?questionnaire_ID=alf86auf,2109,https://onlinetesting.brams.org/otp/publix/53/start?batchId=249&personalSingleWorkerId=2109&pre,SONA,12/2/2020,yes,yes,yes,yes,yes,"Had issue with the link so sent new one (old jatos_id: 1338, old link: https://onlinetesting.brams.org/otp/publix/53/start?batchId=83&personalSingleWorkerId=1338)"
S81,Eng-Fr_BL,clmi8,https://lhq3.herokuapp.com/student/student_signin/?questionnaire_ID=alf86auf,1288,https://onlinetesting.brams.org/otp/publix/50/start?batchId=81&personalSingleWorkerId=1288,SONA,12/2/2020,yes,yes,yes,yes,yes,
S82,Fr-Eng_BL,iejf4,https://lhq3.herokuapp.com/student/student_signin/?questionnaire_ID=alf86auf,1314,https://onlinetesting.brams.org/otp/publix/52/start?batchId=82&personalSingleWorkerId=1314,SONA,12/2/2020,,,yes,,,
S83,Eng-Fr_BR,wrjl7,https://lhq3.herokuapp.com/student/student_signin/?questionnaire_ID=alf86auf,1258,https://onlinetesting.brams.org/otp/publix/51/start?batchId=79&personalSingleWorkerId=1258,SONA,12/2/2020,no,no,no,no,no,Participant cancelled their sign up for the study via SONA.
S84,Fr-Eng_BR,qkea7,https://lhq3.herokuapp.com/student/student_signin/?questionnaire_ID=alf86auf,1339,https://onlinetesting.brams.org/otp/publix/53/start?batchId=83&personalSingleWorkerId=1339,SONA,12/3/2020,,,yes,,,
S85,Eng-Fr_BL,aynb0,https://lhq3.herokuapp.com/student/student_signin/?questionnaire_ID=alf86auf,1289,https://onlinetesting.brams.org/otp/publix/50/start?batchId=81&personalSingleWorkerId=1289,SONA,12/3/2020,,,yes,,,
S86,Fr-Eng_BL,fmpw0,https://lhq3.herokuapp.com/student/student_signin/?questionnaire_ID=alf86auf,1314,https://onlinetesting.brams.org/otp/publix/52/start?batchId=82&personalSingleWorkerId=1314,public,12/3/2020,,,,,,
S87,Eng-Fr_BR,htza0,https://lhq3.herokuapp.com/student/student_signin/?questionnaire_ID=alf86auf,1259,https://onlinetesting.brams.org/otp/publix/51/start?batchId=79&personalSingleWorkerId=1259,SONA,12/3/2020,,,yes,yes,,
S88,Fr-Eng_BR,drsx9,https://lhq3.herokuapp.com/student/student_signin/?questionnaire_ID=alf86auf,1340,https://onlinetesting.brams.org/otp/publix/53/start?batchId=83&personalSingleWorkerId=1340,SONA,12/3/2020,yes,yes,yes,,,
S89,Eng-Fr_BL,jwii9,https://lhq3.herokuapp.com/student/student_signin/?questionnaire_ID=alf86auf,1290,https://onlinetesting.brams.org/otp/publix/50/start?batchId=81&personalSingleWorkerId=1290,SONA,12/3/2020,yes,yes,yes,yes,yes,
S90,Fr-Eng_BL,cudd5,https://lhq3.herokuapp.com/student/student_signin/?questionnaire_ID=alf86auf,1316,https://onlinetesting.brams.org/otp/publix/52/start?batchId=82&personalSingleWorkerId=1316,SONA,12/4/2020,,,yes,,,
S91,Eng-Fr_BR,huey9,https://lhq3.herokuapp.com/student/student_signin/?questionnaire_ID=alf86auf,1260,https://onlinetesting.brams.org/otp/publix/51/start?batchId=79&personalSingleWorkerId=1260,SONA,12/4/2020,no,no,yes,no,no,Participant cancelled their sign up via SONA.
S92,Fr-Eng_BR,lojm1,https://lhq3.herokuapp.com/student/student_signin/?questionnaire_ID=alf86auf,1341,https://onlinetesting.brams.org/otp/publix/53/start?batchId=83&personalSingleWorkerId=1341,SONA,12/4/2020,,,,,,
S93,Eng-Fr_BL,zhcw6,https://lhq3.herokuapp.com/student/student_signin/?questionnaire_ID=alf86auf,2282,https://onlinetesting.brams.org/otp/publix/50/start?batchId=275&personalSingleWorkerId=2282&pre,SONA,12/4/2020,yes,yes,yes,yes,yes,"Link didn't work so sent new one (old jatos_id: 1291, link: https://onlinetesting.brams.org/otp/publix/50/start?batchId=81&personalSingleWorkerId=1291)."
S94,Fr-Eng_BL,mytv1,https://lhq3.herokuapp.com/student/student_signin/?questionnaire_ID=alf86auf,1317,https://onlinetesting.brams.org/otp/publix/52/start?batchId=82&personalSingleWorkerId=1317,SONA,12/4/2020,,,,,,
S95,Eng-Fr_BR,zalj4,https://lhq3.herokuapp.com/student/student_signin/?questionnaire_ID=alf86auf,2216,https://onlinetesting.brams.org/otp/publix/51/start?batchId=255&personalSingleWorkerId=2216&pre,SONA,12/4/2020,yes,yes,yes,yes,yes,"Had issue with link so sent a new one (old jatos_id: 1261, old link: https://onlinetesting.brams.org/otp/publix/51/start?batchId=79&personalSingleWorkerId=1261). Had another issue, sent another link (old jatos_id: 2022, link: https://onlinetesting.brams.org/otp/publix/51/start?batchId=245&personalSingleWorkerId=2022&pre). Still wasn't work so sent another link: (jatos_id: 2213, link: https://onlinetesting.brams.org/otp/publix/51/start?batchId=254&personalSingleWorkerId=2213&pre)"
S96,Fr-Eng_BR,xxzt5,https://lhq3.herokuapp.com/student/student_signin/?questionnaire_ID=alf86auf,1342,https://onlinetesting.brams.org/otp/publix/53/start?batchId=83&personalSingleWorkerId=1342,SONA,12/4/2020,yes,yes,yes,yes,yes,
S97,Eng-Fr_BL,hvlz1,https://lhq3.herokuapp.com/student/student_signin/?questionnaire_ID=alf86auf,2107,https://onlinetesting.brams.org/otp/publix/50/start?batchId=248&personalSingleWorkerId=2107&pre,SONA,12/4/2020,yes,yes,yes,yes,yes,"Had issue with link so sent a new one (old jatos_id: 1292, old link: https://onlinetesting.brams.org/otp/publix/50/start?batchId=81&personalSingleWorkerId=1292)"
S98,Fr-Eng_BL,yqec0,https://lhq3.herokuapp.com/student/student_signin/?questionnaire_ID=alf86auf,2191,https://onlinetesting.brams.org/otp/publix/52/start?batchId=253&personalSingleWorkerId=2191&pre,SONA,12/4/2020,yes,yes,yes,yes,yes,"Had issue with link so sent a new one (old jatos_id: 1318, old_link: https://onlinetesting.brams.org/otp/publix/52/start?batchId=82&personalSingleWorkerId=1318). Had second issue for sent another link (old jatos_id: 2021, old link: https://onlinetesting.brams.org/otp/publix/52/start?batchId=244&personalSingleWorkerId=2021&pre)."
S99,Eng-Fr_BR,abvg1,https://lhq3.herokuapp.com/student/student_signin/?questionnaire_ID=alf86auf,2365,https://onlinetesting.brams.org/otp/publix/51/start?batchId=284&personalSingleWorkerId=2365&pre,SONA,12/4/2020,yes,yes,yes,yes,yes,"First link didn't work, sent new one (old jatos_id: 1262, https://onlinetesting.brams.org/otp/publix/51/start?batchId=79&personalSingleWorkerId=1262)."
S100,Fr-Eng_BR,ezsy2,https://lhq3.herokuapp.com/student/student_signin/?questionnaire_ID=alf86auf,1343,https://onlinetesting.brams.org/otp/publix/53/start?batchId=83&personalSingleWorkerId=1343,SONA,12/4/2020,no,no,no,no,no,Participant cancelled their sign up via SONA.
S101,Eng-Fr_BL,mqxi6,https://lhq3.herokuapp.com/student/student_signin/?questionnaire_ID=oya28hlu,2073,https://onlinetesting.brams.org/otp/publix/50/start?batchId=247&personalSingleWorkerId=2073&pre,SONA,12/4/2020,no,no,no,no,no,Participant cancelled their sign up via SONA.
S102,Fr-Eng_BL,yvst4,https://lhq3.herokuapp.com/student/student_signin/?questionnaire_ID=oya28hlu,2110,https://onlinetesting.brams.org/otp/publix/52/start?batchId=250&personalSingleWorkerId=2110&pre,SONA,12/5/2020,,,,,,
S103,Eng-Fr_BR,ndyf8,https://lhq3.herokuapp.com/student/student_signin/?questionnaire_ID=oya28hlu,2363,https://onlinetesting.brams.org/otp/publix/51/start?batchId=283&personalSingleWorkerId=2363&pre,SONA,12/5/2020,yes,yes,yes,yes,yes,"First link didn't work, sent new one (jatos_id: 2023, link: https://onlinetesting.brams.org/otp/publix/51/start?batchId=246&personalSingleWorkerId=2023&pre). Sent another link (old jatos_id: 2269, link https://onlinetesting.brams.org/otp/publix/51/start?batchId=272&personalSingleWorkerId=2269&pre)."
S104,Fr-Eng_BR,eqrp0,https://lhq3.herokuapp.com/student/student_signin/?questionnaire_ID=oya28hlu,2270,https://onlinetesting.brams.org/otp/publix/53/start?batchId=273&personalSingleWorkerId=2270&pre,SONA,12/5/2020,yes,yes,yes,yes,yes,"First link didn’t work, sent new one (jatos_id: 2161, link: https://onlinetesting.brams.org/otp/publix/53/start?batchId=252&personalSingleWorkerId=2161&pre). Second link also didn't work, sent a new one (old jatos_id:2252, link: https://onlinetesting.brams.org/otp/publix/53/start?batchId=268&personalSingleWorkerId=2252&pre). DIdn't work again, sent new link (old jatos_id: 2254, link: https://onlinetesting.brams.org/otp/publix/53/start?batchId=270&personalSingleWorkerId=2254&pre). Didn't work again, sent final link (old jatos_id: 2267, link: https://onlinetesting.brams.org/otp/publix/53/start?batchId=271&personalSingleWorkerId=2267&pre)."
S105,Eng-Fr_BL,ljve8,https://lhq3.herokuapp.com/student/student_signin/?questionnaire_ID=oya28hlu,2074,https://onlinetesting.brams.org/otp/publix/50/start?batchId=247&personalSingleWorkerId=2074&pre,SONA,12/6/2020,,,,,,
S106,Fr-Eng_BL,cqkf8,https://lhq3.herokuapp.com/student/student_signin/?questionnaire_ID=oya28hlu,2111,https://onlinetesting.brams.org/otp/publix/52/start?batchId=250&personalSingleWorkerId=2111&pre,SONA,12/6/2020,yes,yes,yes,yes,yes,
S107,Eng-Fr_BR,dlfp5,https://lhq3.herokuapp.com/student/student_signin/?questionnaire_ID=oya28hlu,2242,https://onlinetesting.brams.org/otp/publix/51/start?batchId=264&personalSingleWorkerId=2242&pre,SONA,12/6/2020,yes,yes,yes,yes,yes,"Link didn't work so sent a new one (old jatos_id: 2024, old link: https://onlinetesting.brams.org/otp/publix/51/start?batchId=246&personalSingleWorkerId=2024&pre)"
S108,Fr-Eng_BR,uunv6,https://lhq3.herokuapp.com/student/student_signin/?questionnaire_ID=oya28hlu,2162,https://onlinetesting.brams.org/otp/publix/53/start?batchId=252&personalSingleWorkerId=2162&pre,SONA,12/6/2020,,,,,,
S109,Eng-Fr_BL,dgsa0,https://lhq3.herokuapp.com/student/student_signin/?questionnaire_ID=oya28hlu,2238,https://onlinetesting.brams.org/otp/publix/50/start?batchId=263&personalSingleWorkerId=2238&pre,SONA,12/6/2020,yes,yes,yes,yes,yes,"Sent new link, first one didn’t work (old jatos id: 2075, old link: https://onlinetesting.brams.org/otp/publix/50/start?batchId=247&personalSingleWorkerId=2075&pre)"
S110,Fr-Eng_BL,aggl3,https://lhq3.herokuapp.com/student/student_signin/?questionnaire_ID=oya28hlu,2112,https://onlinetesting.brams.org/otp/publix/52/start?batchId=250&personalSingleWorkerId=2112&pre,SONA,12/6/2020,,,,,,
S111,Eng-Fr_BR,anqy5,https://lhq3.herokuapp.com/student/student_signin/?questionnaire_ID=oya28hlu,2246,https://onlinetesting.brams.org/otp/publix/51/start?batchId=267&personalSingleWorkerId=2246&pre,SONA,12/6/2020,yes,yes,yes,yes,yes,"Error with first link, sent second one (old jatos_id: 2025, old link: https://onlinetesting.brams.org/otp/publix/51/start?batchId=246&personalSingleWorkerId=2025&pre)."
S112,Fr-Eng_BR,jofh2,https://lhq3.herokuapp.com/student/student_signin/?questionnaire_ID=oya28hlu,2245,https://onlinetesting.brams.org/otp/publix/53/start?batchId=266&personalSingleWorkerId=2245&pre,SONA,12/6/2020,yes,yes,yes,yes,yes,"Error with first link (experiment froze and wouldn't advance), sent new link (old jatos_id: 2163, link: https://onlinetesting.brams.org/otp/publix/53/start?batchId=252&personalSingleWorkerId=2163&pre)."
S113,Eng-Fr_BL,khbx2,https://lhq3.herokuapp.com/student/student_signin/?questionnaire_ID=oya28hlu,2244,https://onlinetesting.brams.org/otp/publix/50/start?batchId=265&personalSingleWorkerId=2244&pre,SONA,12/6/2020,yes,yes,yes,yes,yes,"Error with first link, sent second one (old jatos_id: 2076, link: https://onlinetesting.brams.org/otp/publix/50/start?batchId=247&personalSingleWorkerId=2076&pre)"
S114,Fr-Eng_BL,qzja7,https://lhq3.herokuapp.com/student/student_signin/?questionnaire_ID=oya28hlu,2113,https://onlinetesting.brams.org/otp/publix/52/start?batchId=250&personalSingleWorkerId=2113&pre,SONA,12/6/2020,yes,yes,yes,yes,yes,
S115,Eng-Fr_BR,kvne8,https://lhq3.herokuapp.com/student/student_signin/?questionnaire_ID=oya28hlu,2026,https://onlinetesting.brams.org/otp/publix/51/start?batchId=246&personalSingleWorkerId=2026&pre,SONA,12/6/2020,,,,,,
S116,Fr-Eng_BR,agfm0,https://lhq3.herokuapp.com/student/student_signin/?questionnaire_ID=oya28hlu,2164,https://onlinetesting.brams.org/otp/publix/53/start?batchId=252&personalSingleWorkerId=2164&pre,SONA,12/7/2020,no,no,no,no,no,Participant cancelled their sign up via SONA.
S117,Eng-Fr_BL,hdoq9,https://lhq3.herokuapp.com/student/student_signin/?questionnaire_ID=oya28hlu,2077,https://onlinetesting.brams.org/otp/publix/50/start?batchId=247&personalSingleWorkerId=2077&pre,SONA,12/7/2020,,,,,,
S118,Fr-Eng_BL,ckev1,https://lhq3.herokuapp.com/student/student_signin/?questionnaire_ID=oya28hlu,2114,https://onlinetesting.brams.org/otp/publix/52/start?batchId=250&personalSingleWorkerId=2114&pre,SONA,12/7/2020,yes,yes,yes,yes,yes,
S119,Eng-Fr_BR,gsbw0,https://lhq3.herokuapp.com/student/student_signin/?questionnaire_ID=oya28hlu,2027,https://onlinetesting.brams.org/otp/publix/51/start?batchId=246&personalSingleWorkerId=2027&pre,SONA,12/7/2020,,,,,,
S120,Fr-Eng_BR,soxk5,https://lhq3.herokuapp.com/student/student_signin/?questionnaire_ID=oya28hlu,2284,https://onlinetesting.brams.org/otp/publix/53/start?batchId=276&personalSingleWorkerId=2284&pre,SONA,12/7/2020,,,,,,"First link didn't work, sent another (old jatos_id: 2165, link: https://onlinetesting.brams.org/otp/publix/53/start?batchId=252&personalSingleWorkerId=2165&pre). Didn't work again, sent a new one (old jatos_id: 2280, link: https://onlinetesting.brams.org/otp/publix/53/start?batchId=274&personalSingleWorkerId=2280&pre)."
S121,Eng-Fr_BL,csxx5,https://lhq3.herokuapp.com/student/student_signin/?questionnaire_ID=oya28hlu,2366,https://onlinetesting.brams.org/otp/publix/50/start?batchId=285&personalSingleWorkerId=2366&pre,public,12/9/2020,yes,yes,yes,yes,yes,"First link didn't work, sent new one (old jatos_id: 2078, link: https://onlinetesting.brams.org/otp/publix/50/start?batchId=247&personalSingleWorkerId=2078&pre)."
S122,Fr-Eng_BL,bldx0,https://lhq3.herokuapp.com/student/student_signin/?questionnaire_ID=oya28hlu,3444,https://onlinetesting.brams.org/otp/publix/52/start?batchId=360&personalSingleWorkerId=3444&pre,SONA,12/13/2020,yes,yes,yes,yes,yes,"First link didn't work so sent a new one (old jatos_id: 2115, old link: https://onlinetesting.brams.org/otp/publix/52/start?batchId=250&personalSingleWorkerId=2115&pre)."
S123,Eng-Fr_BR,mraa4,https://lhq3.herokuapp.com/student/student_signin/?questionnaire_ID=oya28hlu,2028,https://onlinetesting.brams.org/otp/publix/51/start?batchId=246&personalSingleWorkerId=2028&pre,SONA,12/14/2020,yes,yes,yes,yes,yes,
S124,Fr-Eng_BR,acfh7,https://lhq3.herokuapp.com/student/student_signin/?questionnaire_ID=oya28hlu,2166,https://onlinetesting.brams.org/otp/publix/53/start?batchId=252&personalSingleWorkerId=2166&pre,SONA,12/21/2020,yes,yes,yes,yes,yes,
S125,Eng-Fr_BL,hgmn1,https://lhq3.herokuapp.com/student/student_signin/?questionnaire_ID=oya28hlu,2079,https://onlinetesting.brams.org/otp/publix/50/start?batchId=247&personalSingleWorkerId=2079&pre,public,12/22/2020,,,,,,
S126,Fr-Eng_BL,nmgg9,https://lhq3.herokuapp.com/student/student_signin/?questionnaire_ID=oya28hlu,2116,https://onlinetesting.brams.org/otp/publix/52/start?batchId=250&personalSingleWorkerId=2116&pre,public,12/22/2020,,,,,,
S127,Eng-Fr_BR,bpyi3,https://lhq3.herokuapp.com/student/student_signin/?questionnaire_ID=oya28hlu,2029,https://onlinetesting.brams.org/otp/publix/51/start?batchId=246&personalSingleWorkerId=2029&pre,SONA,1/5/2021,yes,yes,yes,yes,yes,
S128,Fr-Eng_BR,ctjj0,https://lhq3.herokuapp.com/student/student_signin/?questionnaire_ID=oya28hlu,2167,https://onlinetesting.brams.org/otp/publix/53/start?batchId=252&personalSingleWorkerId=2167&pre,SONA,1/5/2021,yes,yes,yes,yes,yes,
S129,Eng-Fr_BL,yoej4,https://lhq3.herokuapp.com/student/student_signin/?questionnaire_ID=oya28hlu,2080,https://onlinetesting.brams.org/otp/publix/50/start?batchId=247&personalSingleWorkerId=2080&pre,SONA,1/11/2021,no,no,no,no,no,Participant cancelled their sign up via SONA.
S130,Fr-Eng_BL,pzju0,https://lhq3.herokuapp.com/student/student_signin/?questionnaire_ID=oya28hlu,2117,https://onlinetesting.brams.org/otp/publix/52/start?batchId=250&personalSingleWorkerId=2117&pre,SONA,1/11/2021,yes,yes,yes,yes,yes,
S131,Eng-Fr_BR,emng2,https://lhq3.herokuapp.com/student/student_signin/?questionnaire_ID=oya28hlu,2030,https://onlinetesting.brams.org/otp/publix/51/start?batchId=246&personalSingleWorkerId=2030&pre,SONA,1/11/2021,yes,yes,yes,no,yes,"Participant received an error message 10 min in, didn't successfully save data."
S132,Fr-Eng_BR,pojv1,https://lhq3.herokuapp.com/student/student_signin/?questionnaire_ID=oya28hlu,2168,https://onlinetesting.brams.org/otp/publix/53/start?batchId=252&personalSingleWorkerId=2168&pre,SONA,1/11/2021,yes,yes,yes,yes,yes,
S133,Eng-Fr_BL,gfky5,https://lhq3.herokuapp.com/student/student_signin/?questionnaire_ID=oya28hlu,2081,https://onlinetesting.brams.org/otp/publix/50/start?batchId=247&personalSingleWorkerId=2081&pre,SONA,1/12/2021,yes,yes,yes,yes,yes,
S134,Fr-Eng_BL,syaq8,https://lhq3.herokuapp.com/student/student_signin/?questionnaire_ID=oya28hlu,2118,https://onlinetesting.brams.org/otp/publix/52/start?batchId=250&personalSingleWorkerId=2118&pre,SONA,1/12/2021,,,,,,
S135,Eng-Fr_BR,prpo1,https://lhq3.herokuapp.com/student/student_signin/?questionnaire_ID=oya28hlu,2031,https://onlinetesting.brams.org/otp/publix/51/start?batchId=246&personalSingleWorkerId=2031&pre,SONA,1/12/2021,yes,yes,yes,yes,yes,
S136,Fr-Eng_BR,bnsf3,https://lhq3.herokuapp.com/student/student_signin/?questionnaire_ID=oya28hlu,3638,https://onlinetesting.brams.org/otp/publix/53/start?batchId=378&personalSingleWorkerId=3638&pre,SONA,1/12/2021,no,no,yes,no,no,"First link didn't work, sent new one (old jatos id: 2169, old link: https://onlinetesting.brams.org/otp/publix/53/start?batchId=252&personalSingleWorkerId=2169&pre)."
S137,Eng-Fr_BL,nikh1,https://lhq3.herokuapp.com/student/student_signin/?questionnaire_ID=oya28hlu,2082,https://onlinetesting.brams.org/otp/publix/50/start?batchId=247&personalSingleWorkerId=2082&pre,SONA,1/12/2021,yes,yes,yes,yes,yes,
S138,Fr-Eng_BL,uldj5,https://lhq3.herokuapp.com/student/student_signin/?questionnaire_ID=oya28hlu,2119,https://onlinetesting.brams.org/otp/publix/52/start?batchId=250&personalSingleWorkerId=2119&pre,SONA,1/13/2021,,,,yes,,
S139,Eng-Fr_BR,vfth3,https://lhq3.herokuapp.com/student/student_signin/?questionnaire_ID=oya28hlu,4030,https://onlinetesting.brams.org/otp/publix/51/start?batchId=411&personalSingleWorkerId=4030&pre,public,1/13/2021,yes,yes,yes,,,"Had to send new link (old id: 2032, old link: https://onlinetesting.brams.org/otp/publix/51/start?batchId=246&personalSingleWorkerId=2032&pre)."
S140,Fr-Eng_BR,ylqg8,https://lhq3.herokuapp.com/student/student_signin/?questionnaire_ID=oya28hlu,2170,https://onlinetesting.brams.org/otp/publix/53/start?batchId=252&personalSingleWorkerId=2170&pre,public,1/13/2021,yes,yes,yes,yes,yes,
S141,Eng-Fr_BL,rieo6,https://lhq3.herokuapp.com/student/student_signin/?questionnaire_ID=oya28hlu,2083,https://onlinetesting.brams.org/otp/publix/50/start?batchId=247&personalSingleWorkerId=2083&pre,SONA,1/14/2021,,,,,,
S142,Fr-Eng_BL,ebnn8,https://lhq3.herokuapp.com/student/student_signin/?questionnaire_ID=oya28hlu,2120,https://onlinetesting.brams.org/otp/publix/52/start?batchId=250&personalSingleWorkerId=2120&pre,SONA,1/18/2021,,,,,,
S143,Eng-Fr_BR,qbyx7,https://lhq3.herokuapp.com/student/student_signin/?questionnaire_ID=oya28hlu,2033,https://onlinetesting.brams.org/otp/publix/51/start?batchId=246&personalSingleWorkerId=2033&pre,SONA,1/18/2021,,,,,,
S144,Fr-Eng_BR,tump2,https://lhq3.herokuapp.com/student/student_signin/?questionnaire_ID=oya28hlu,2171,https://onlinetesting.brams.org/otp/publix/53/start?batchId=252&personalSingleWorkerId=2171&pre,SONA,1/19/2021,yes,yes,yes,,,
S145,Eng-Fr_BL,fghq0,https://lhq3.herokuapp.com/student/student_signin/?questionnaire_ID=oya28hlu,2084,https://onlinetesting.brams.org/otp/publix/50/start?batchId=247&personalSingleWorkerId=2084&pre,SONA,1/20/2021,yes,yes,yes,yes,yes,
S146,Fr-Eng_BL,cidu7,https://lhq3.herokuapp.com/student/student_signin/?questionnaire_ID=oya28hlu,3963,https://onlinetesting.brams.org/otp/publix/52/start?batchId=390&personalSingleWorkerId=3963&pre,SONA,1/20/2021,yes,yes,yes,yes,yes,"Sound wasn't working, sent new link (old id: 2121, old link: https://onlinetesting.brams.org/otp/publix/52/start?batchId=250&personalSingleWorkerId=2121&pre)."
S147,Eng-Fr_BR,ohnx1,https://lhq3.herokuapp.com/student/student_signin/?questionnaire_ID=oya28hlu,2034,https://onlinetesting.brams.org/otp/publix/51/start?batchId=246&personalSingleWorkerId=2034&pre,SONA,1/20/2021,yes,yes,yes,yes,yes,
S148,Fr-Eng_BR,hbes2,https://lhq3.herokuapp.com/student/student_signin/?questionnaire_ID=oya28hlu,2172,https://onlinetesting.brams.org/otp/publix/53/start?batchId=252&personalSingleWorkerId=2172&pre,SONA,1/20/2021,yes,yes,yes,yes,yes,
S149,Eng-Fr_BL,lapd4,https://lhq3.herokuapp.com/student/student_signin/?questionnaire_ID=oya28hlu,2085,https://onlinetesting.brams.org/otp/publix/50/start?batchId=247&personalSingleWorkerId=2085&pre,SONA,1/20/2021,,,,,,
S150,Fr-Eng_BL,twky5,https://lhq3.herokuapp.com/student/student_signin/?questionnaire_ID=oya28hlu,2122,https://onlinetesting.brams.org/otp/publix/52/start?batchId=250&personalSingleWorkerId=2122&pre,SONA,1/20/2021,,,,,,
S151,Eng-Fr_BR,spmj7,https://lhq3.herokuapp.com/student/student_signin/?questionnaire_ID=oya28hlu,3962,https://onlinetesting.brams.org/otp/publix/51/start?batchId=389&personalSingleWorkerId=3962&pre,SONA,1/20/2021,no,no,no,no,no,"Study crashed after practice, sent new link (old id: 2035, old link :https://onlinetesting.brams.org/otp/publix/51/start?batchId=246&personalSingleWorkerId=2035&pre). Cancelled their sign up."
S152,Fr-Eng_BR,krmd5,https://lhq3.herokuapp.com/student/student_signin/?questionnaire_ID=oya28hlu,4021,https://onlinetesting.brams.org/otp/publix/53/start?batchId=409&personalSingleWorkerId=4021&pre,SONA,1/20/2021,yes,yes,yes,yes,yes,"Sent new link (old id: 2173, old link: https://onlinetesting.brams.org/otp/publix/53/start?batchId=252&personalSingleWorkerId=2173&pre)."
S153,Eng-Fr_BL,riwc2,https://lhq3.herokuapp.com/student/student_signin/?questionnaire_ID=oya28hlu,2086,https://onlinetesting.brams.org/otp/publix/50/start?batchId=247&personalSingleWorkerId=2086&pre,SONA,1/21/2021,no,no,no,no,no,Participant cancelled their sign up via SONA.
S154,Fr-Eng_BL,euyp3,https://lhq3.herokuapp.com/student/student_signin/?questionnaire_ID=oya28hlu,4129,https://onlinetesting.brams.org/otp/publix/52/start?batchId=431&personalSingleWorkerId=4129&pre,SONA,1/21/2021,yes,yes,yes,yes,yes,"First link didn't work, sent new one (old id: 2123, link: https://onlinetesting.brams.org/otp/publix/52/start?batchId=250&personalSingleWorkerId=2123&pre). Second link also didn't work, sent new one (id: 3995, link: https://onlinetesting.brams.org/otp/publix/52/start?batchId=403&personalSingleWorkerId=3995&pre)."
S155,Eng-Fr_BR,vrsi5,https://lhq3.herokuapp.com/student/student_signin/?questionnaire_ID=oya28hlu,2036,https://onlinetesting.brams.org/otp/publix/51/start?batchId=246&personalSingleWorkerId=2036&pre,SONA,1/21/2021,,,,,,
S156,Fr-Eng_BR,adyg3,https://lhq3.herokuapp.com/student/student_signin/?questionnaire_ID=oya28hlu,4014,https://onlinetesting.brams.org/otp/publix/53/start?batchId=407&personalSingleWorkerId=4014&pre,SONA,1/21/2021,yes,no,yes,no,no,"Sent new link (old id: 2174, old link: https://onlinetesting.brams.org/otp/publix/53/start?batchId=252&personalSingleWorkerId=2174&pre). Cancelled sign up through SONA."
S157,Eng-Fr_BL,ygcb2,https://lhq3.herokuapp.com/student/student_signin/?questionnaire_ID=oya28hlu,3994,https://onlinetesting.brams.org/otp/publix/50/start?batchId=402&personalSingleWorkerId=3994&pre,SONA,1/21/2021,yes,yes,yes,no,yes,"First link didn't work, sent new one (old id: 2087, old link: https://onlinetesting.brams.org/otp/publix/50/start?batchId=247&personalSingleWorkerId=2087&pre). Did not save data, but study was completed."
S158,Fr-Eng_BL,kmgy3,https://lhq3.herokuapp.com/student/student_signin/?questionnaire_ID=oya28hlu,4381,https://onlinetesting.brams.org/otp/publix/52/start?batchId=447&personalSingleWorkerId=4381&pre,SONA,1/21/2021,yes,yes,yes,yes,yes,"First link didn't work, sent new one (old id: 2124, old link: https://onlinetesting.brams.org/otp/publix/52/start?batchId=250&personalSingleWorkerId=2124&pre). Had to send 3rd link (2nd id: 4308, 2nd link: https://onlinetesting.brams.org/otp/publix/52/start?batchId=445&personalSingleWorkerId=4308&pre)."
S159,Eng-Fr_BR,ixkt1,https://lhq3.herokuapp.com/student/student_signin/?questionnaire_ID=oya28hlu,2037,https://onlinetesting.brams.org/otp/publix/51/start?batchId=246&personalSingleWorkerId=2037&pre,SONA,1/21/2021,yes,yes,yes,yes,yes,
S160,Fr-Eng_BR,xomc1,https://lhq3.herokuapp.com/student/student_signin/?questionnaire_ID=oya28hlu,2175,https://onlinetesting.brams.org/otp/publix/53/start?batchId=252&personalSingleWorkerId=2175&pre,SONA,1/21/2021,,,,,,
S161,Eng-Fr_BL,gqtn9,https://lhq3.herokuapp.com/student/student_signin/?questionnaire_ID=oya28hlu,4020,https://onlinetesting.brams.org/otp/publix/50/start?batchId=408&personalSingleWorkerId=4020&pre,SONA,1/21/2021,yes,yes,yes,,,"First link didn't work, sent new one (old id: 2088, old link: https://lhq3.herokuapp.com/student/student_signin/?questionnaire_ID=oya28hlu). Had to send third link (2nd id: 3996, link: https://onlinetesting.brams.org/otp/publix/50/start?batchId=404&personalSingleWorkerId=3996&pre)."
S162,Fr-Eng_BL,kngj1,https://lhq3.herokuapp.com/student/student_signin/?questionnaire_ID=oya28hlu,2125,https://onlinetesting.brams.org/otp/publix/52/start?batchId=250&personalSingleWorkerId=2125&pre,SONA,1/21/2021,yes,yes,yes,yes,yes,
S163,Eng-Fr_BR,spbl7,https://lhq3.herokuapp.com/student/student_signin/?questionnaire_ID=oya28hlu,4013,https://onlinetesting.brams.org/otp/publix/53/start?batchId=406&personalSingleWorkerId=4013&pre,SONA,1/21/2021,yes,yes,yes,no,yes,"First link didn't work, so sent new one (old id: 2038, old link: https://onlinetesting.brams.org/otp/publix/51/start?batchId=246&personalSingleWorkerId=2038&pre). Study wasn't working, just gave credit anyways."
S164,Fr-Eng_BR,xfzn3,https://lhq3.herokuapp.com/student/student_signin/?questionnaire_ID=oya28hlu,2176,https://onlinetesting.brams.org/otp/publix/53/start?batchId=252&personalSingleWorkerId=2176&pre,SONA,1/21/2021,,,,,,
S165,Eng-Fr_BL,gzyx0,https://lhq3.herokuapp.com/student/student_signin/?questionnaire_ID=oya28hlu,2089,https://onlinetesting.brams.org/otp/publix/50/start?batchId=247&personalSingleWorkerId=2089&pre,SONA,1/21/2021,,,,,,
S166,Fr-Eng_BL,cmqy5,https://lhq3.herokuapp.com/student/student_signin/?questionnaire_ID=oya28hlu,2126,https://onlinetesting.brams.org/otp/publix/52/start?batchId=250&personalSingleWorkerId=2126&pre,SONA,1/21/2021,,,,,,
S167,Eng-Fr_BR,haoi0,https://lhq3.herokuapp.com/student/student_signin/?questionnaire_ID=oya28hlu,3997,https://onlinetesting.brams.org/otp/publix/51/start?batchId=405&personalSingleWorkerId=3997&pre,SONA,1/21/2021,yes,yes,yes,yes,yes,"First link didn't work, sent new one (old id: 2039, old link: https://onlinetesting.brams.org/otp/publix/51/start?batchId=246&personalSingleWorkerId=2039&pre)."
S168,Fr-Eng_BR,tycg0,https://lhq3.herokuapp.com/student/student_signin/?questionnaire_ID=oya28hlu,4127,https://onlinetesting.brams.org/otp/publix/53/start?batchId=430&personalSingleWorkerId=4127&pre,SONA,1/23/2021,yes,yes,yes,yes,yes,"First link didn't work, sent new one (old id: 2177, link: https://onlinetesting.brams.org/otp/publix/53/start?batchId=252&personalSingleWorkerId=2177&pre)."
S169,Eng-Fr_BL,uwyl3,https://lhq3.herokuapp.com/student/student_signin/?questionnaire_ID=oya28hlu,4274,https://onlinetesting.brams.org/otp/publix/50/start?batchId=439&personalSingleWorkerId=4274&pre,SONA,1/23/2021,yes,,yes,,,
S170,Fr-Eng_BL,xxjc8,https://lhq3.herokuapp.com/student/student_signin/?questionnaire_ID=oya28hlu,2127,https://onlinetesting.brams.org/otp/publix/52/start?batchId=250&personalSingleWorkerId=2127&pre,SONA,1/23/2021,yes,yes,yes,yes,yes,
S171,Eng-Fr_BR,rgdu4,https://lhq3.herokuapp.com/student/student_signin/?questionnaire_ID=oya28hlu,2040,https://onlinetesting.brams.org/otp/publix/51/start?batchId=246&personalSingleWorkerId=2040&pre,SONA,1/23/2021,,,,,,
S172,Fr-Eng_BR,ysxx9,https://lhq3.herokuapp.com/student/student_signin/?questionnaire_ID=oya28hlu,2178,https://onlinetesting.brams.org/otp/publix/53/start?batchId=252&personalSingleWorkerId=2178&pre,SONA,1/23/2021,,,,,,
S173,Eng-Fr_BL,xdqr2,https://lhq3.herokuapp.com/student/student_signin/?questionnaire_ID=oya28hlu,2090,https://onlinetesting.brams.org/otp/publix/50/start?batchId=247&personalSingleWorkerId=2090&pre,SONA,1/23/2021,,,,,,
S174,Fr-Eng_BL,wlku2,https://lhq3.herokuapp.com/student/student_signin/?questionnaire_ID=oya28hlu,2128,https://onlinetesting.brams.org/otp/publix/52/start?batchId=250&personalSingleWorkerId=2128&pre,SONA,1/24/2021,,,,,,
S175,Eng-Fr_BR,pthm7,https://lhq3.herokuapp.com/student/student_signin/?questionnaire_ID=oya28hlu,2041,https://onlinetesting.brams.org/otp/publix/51/start?batchId=246&personalSingleWorkerId=2041&pre,SONA,1/24/2021,,,,,,
S176,Fr-Eng_BR,vkgu3,https://lhq3.herokuapp.com/student/student_signin/?questionnaire_ID=oya28hlu,2179,https://onlinetesting.brams.org/otp/publix/53/start?batchId=252&personalSingleWorkerId=2179&pre,SONA,1/25/2021,,,,,,
S177,Eng-Fr_BL,jfdd4,https://lhq3.herokuapp.com/student/student_signin/?questionnaire_ID=oya28hlu,2091,https://onlinetesting.brams.org/otp/publix/50/start?batchId=247&personalSingleWorkerId=2091&pre,SONA,1/25/2021,,,,,,
S178,Fr-Eng_BL,nwln1,https://lhq3.herokuapp.com/student/student_signin/?questionnaire_ID=oya28hlu,2129,https://onlinetesting.brams.org/otp/publix/52/start?batchId=250&personalSingleWorkerId=2129&pre,SONA,1/25/2021,yes,yes,yes,yes,yes,
S179,Eng-Fr_BR,nonr1,https://lhq3.herokuapp.com/student/student_signin/?questionnaire_ID=oya28hlu,2042,https://onlinetesting.brams.org/otp/publix/51/start?batchId=246&personalSingleWorkerId=2042&pre,SONA,1/25/2021,,,yes,,,
S180,Fr-Eng_BR,vwrn7,https://lhq3.herokuapp.com/student/student_signin/?questionnaire_ID=oya28hlu,2180,https://onlinetesting.brams.org/otp/publix/53/start?batchId=252&personalSingleWorkerId=2180&pre,SONA,1/26/2021,,,,,,
S181,Eng-Fr_BL,lodt8,https://lhq3.herokuapp.com/student/student_signin/?questionnaire_ID=oya28hlu,2092,https://onlinetesting.brams.org/otp/publix/50/start?batchId=247&personalSingleWorkerId=2092&pre,SONA,1/26/2021,,,,,,
S182,Fr-Eng_BL,kuih5,https://lhq3.herokuapp.com/student/student_signin/?questionnaire_ID=oya28hlu,2130,https://onlinetesting.brams.org/otp/publix/52/start?batchId=250&personalSingleWorkerId=2130&pre,SONA,1/26/2021,,,,,,
S183,Eng-Fr_BR,lsle3,https://lhq3.herokuapp.com/student/student_signin/?questionnaire_ID=oya28hlu,2043,https://onlinetesting.brams.org/otp/publix/51/start?batchId=246&personalSingleWorkerId=2043&pre,SONA,1/26/2021,yes,yes,yes,yes,yes,
S184,Fr-Eng_BR,ybjm1,https://lhq3.herokuapp.com/student/student_signin/?questionnaire_ID=oya28hlu,4382,https://onlinetesting.brams.org/otp/publix/53/start?batchId=448&personalSingleWorkerId=4382&pre,SONA,1/26/2021,yes,yes,yes,,,"Had to send new link (old id: 2181, old link: https://onlinetesting.brams.org/otp/publix/53/start?batchId=252&personalSingleWorkerId=2181&pre)."
S185,Eng-Fr_BL,cqmz5,https://lhq3.herokuapp.com/student/student_signin/?questionnaire_ID=oya28hlu,2093,https://onlinetesting.brams.org/otp/publix/50/start?batchId=247&personalSingleWorkerId=2093&pre,SONA,1/26/2021,,,,,,
S186,Fr-Eng_BL,mzwr8,https://lhq3.herokuapp.com/student/student_signin/?questionnaire_ID=oya28hlu,2131,https://onlinetesting.brams.org/otp/publix/52/start?batchId=250&personalSingleWorkerId=2131&pre,SONA,1/27/2021,,,,,,
S187,Eng-Fr_BR,czmz6,https://lhq3.herokuapp.com/student/student_signin/?questionnaire_ID=oya28hlu,2044,https://onlinetesting.brams.org/otp/publix/51/start?batchId=246&personalSingleWorkerId=2044&pre,SONA,1/28/2021,,,,,,
S188,Fr-Eng_BR,ctkv7,https://lhq3.herokuapp.com/student/student_signin/?questionnaire_ID=oya28hlu,2182,https://onlinetesting.brams.org/otp/publix/53/start?batchId=252&personalSingleWorkerId=2182&pre,SONA,1/28/2021,no,no,no,no,no,Participant cancelled their sign up via SONA.
S189,Eng-Fr_BL,mhpl2,https://lhq3.herokuapp.com/student/student_signin/?questionnaire_ID=oya28hlu,2094,https://onlinetesting.brams.org/otp/publix/50/start?batchId=247&personalSingleWorkerId=2094&pre,SONA,1/28/2021,,,,,,
S190,Fr-Eng_BL,akna2,https://lhq3.herokuapp.com/student/student_signin/?questionnaire_ID=oya28hlu,2132,https://onlinetesting.brams.org/otp/publix/52/start?batchId=250&personalSingleWorkerId=2132&pre,SONA,1/29/2021,,,,,,
S191,Eng-Fr_BR,cxsu8,https://lhq3.herokuapp.com/student/student_signin/?questionnaire_ID=oya28hlu,2045,https://onlinetesting.brams.org/otp/publix/51/start?batchId=246&personalSingleWorkerId=2045&pre,SONA,1/30/2021,,,,,,
S192,Fr-Eng_BR,pmgl2,https://lhq3.herokuapp.com/student/student_signin/?questionnaire_ID=oya28hlu,2183,https://onlinetesting.brams.org/otp/publix/53/start?batchId=252&personalSingleWorkerId=2183&pre,SONA,1/30/2021,,,,,,
S193,Eng-Fr_BL,ftwv4,https://lhq3.herokuapp.com/student/student_signin/?questionnaire_ID=oya28hlu,2095,https://onlinetesting.brams.org/otp/publix/50/start?batchId=247&personalSingleWorkerId=2095&pre,SONA,1/30/2021,,,,,,
S194,Fr-Eng_BL,vqai4,https://lhq3.herokuapp.com/student/student_signin/?questionnaire_ID=oya28hlu,2133,https://onlinetesting.brams.org/otp/publix/52/start?batchId=250&personalSingleWorkerId=2133&pre,SONA,1/31/2021,,,,,,
S195,Eng-Fr_BR,rlhb7,https://lhq3.herokuapp.com/student/student_signin/?questionnaire_ID=oya28hlu,4453,https://onlinetesting.brams.org/otp/publix/51/start?batchId=449&personalSingleWorkerId=4453&pre,SONA,2/1/2021,,,yes,,,"Had to send new link (old id: 2046, link: https://onlinetesting.brams.org/otp/publix/51/start?batchId=246&personalSingleWorkerId=2046&pre)/"
S196,Fr-Eng_BR,zuys1,https://lhq3.herokuapp.com/student/student_signin/?questionnaire_ID=oya28hlu,2184,https://onlinetesting.brams.org/otp/publix/53/start?batchId=252&personalSingleWorkerId=2184&pre,SONA,2/1/2021,,,,,,
S197,Eng-Fr_BL,lwpw2,https://lhq3.herokuapp.com/student/student_signin/?questionnaire_ID=oya28hlu,2096,https://onlinetesting.brams.org/otp/publix/50/start?batchId=247&personalSingleWorkerId=2096&pre,SONA,2/2/2021,,,,,,
S198,Fr-Eng_BL,acls8,https://lhq3.herokuapp.com/student/student_signin/?questionnaire_ID=oya28hlu,2134,https://onlinetesting.brams.org/otp/publix/52/start?batchId=250&personalSingleWorkerId=2134&pre,SONA,2/2/2021,,,,,,
S199,Eng-Fr_BR,ltti5,https://lhq3.herokuapp.com/student/student_signin/?questionnaire_ID=oya28hlu,2047,https://onlinetesting.brams.org/otp/publix/51/start?batchId=246&personalSingleWorkerId=2047&pre,SONA,2/2/2021,,,,,,
S200,Fr-Eng_BR,oiow5,https://lhq3.herokuapp.com/student/student_signin/?questionnaire_ID=oya28hlu,2185,https://onlinetesting.brams.org/otp/publix/53/start?batchId=252&personalSingleWorkerId=2185&pre,,,,,,,,
S201,Eng-Fr_BL,exab4,https://lhq3.herokuapp.com/student/student_signin/?questionnaire_ID=oya28hlu,2097,https://onlinetesting.brams.org/otp/publix/50/start?batchId=247&personalSingleWorkerId=2097&pre,,,,,,,,
S202,Fr-Eng_BL,swsk3,https://lhq3.herokuapp.com/student/student_signin/?questionnaire_ID=oya28hlu,2136,https://onlinetesting.brams.org/otp/publix/52/start?batchId=251&personalSingleWorkerId=2136&pre,,,,,,,,
S203,Eng-Fr_BR,cdzg2,https://lhq3.herokuapp.com/student/student_signin/?questionnaire_ID=oya28hlu,2048,https://onlinetesting.brams.org/otp/publix/51/start?batchId=246&personalSingleWorkerId=2048&pre,,,,,,,,
S204,Fr-Eng_BR,kewt5,https://lhq3.herokuapp.com/student/student_signin/?questionnaire_ID=oya28hlu,4276,https://onlinetesting.brams.org/otp/publix/53/start?batchId=440&personalSingleWorkerId=4276&pre,,,,,,,,
S205,Eng-Fr_BL,yvod5,https://lhq3.herokuapp.com/student/student_signin/?questionnaire_ID=oya28hlu,4311,https://onlinetesting.brams.org/otp/publix/50/start?batchId=446&personalSingleWorkerId=4311&pre,,,,,,,,
S206,Fr-Eng_BL,akvd8,https://lhq3.herokuapp.com/student/student_signin/?questionnaire_ID=oya28hlu,2137,https://onlinetesting.brams.org/otp/publix/52/start?batchId=251&personalSingleWorkerId=2137&pre,,,,,,,,
S207,Eng-Fr_BR,penm1,https://lhq3.herokuapp.com/student/student_signin/?questionnaire_ID=oya28hlu,2049,https://onlinetesting.brams.org/otp/publix/51/start?batchId=246&personalSingleWorkerId=2049&pre,,,,,,,,
S208,Fr-Eng_BR,fpgh3,https://lhq3.herokuapp.com/student/student_signin/?questionnaire_ID=oya28hlu,4277,https://onlinetesting.brams.org/otp/publix/53/start?batchId=440&personalSingleWorkerId=4277&pre,,,,,,,,
S209,Eng-Fr_BL,xagp4,https://lhq3.herokuapp.com/student/student_signin/?questionnaire_ID=oya28hlu,4312,https://onlinetesting.brams.org/otp/publix/50/start?batchId=446&personalSingleWorkerId=4312&pre,,,,,,,,
S210,Fr-Eng_BL,ujsp3,https://lhq3.herokuapp.com/student/student_signin/?questionnaire_ID=oya28hlu,2138,https://onlinetesting.brams.org/otp/publix/52/start?batchId=251&personalSingleWorkerId=2138&pre,,,,,,,,
S211,Eng-Fr_BR,ofso5,https://lhq3.herokuapp.com/student/student_signin/?questionnaire_ID=oya28hlu,2050,https://onlinetesting.brams.org/otp/publix/51/start?batchId=246&personalSingleWorkerId=2050&pre,,,,,,,,
S212,Fr-Eng_BR,uqpy6,https://lhq3.herokuapp.com/student/student_signin/?questionnaire_ID=oya28hlu,4278,https://onlinetesting.brams.org/otp/publix/53/start?batchId=440&personalSingleWorkerId=4278&pre,,,,,,,,
S213,Eng-Fr_BL,seej4,https://lhq3.herokuapp.com/student/student_signin/?questionnaire_ID=oya28hlu,4313,https://onlinetesting.brams.org/otp/publix/50/start?batchId=446&personalSingleWorkerId=4313&pre,,,,,,,,
S214,Fr-Eng_BL,xvzv7,https://lhq3.herokuapp.com/student/student_signin/?questionnaire_ID=oya28hlu,2139,https://onlinetesting.brams.org/otp/publix/52/start?batchId=251&personalSingleWorkerId=2139&pre,,,,,,,,
S215,Eng-Fr_BR,hnlw8,https://lhq3.herokuapp.com/student/student_signin/?questionnaire_ID=oya28hlu,2051,https://onlinetesting.brams.org/otp/publix/51/start?batchId=246&personalSingleWorkerId=2051&pre,,,,,,,,
S216,Fr-Eng_BR,ngrm6,https://lhq3.herokuapp.com/student/student_signin/?questionnaire_ID=oya28hlu,4279,https://onlinetesting.brams.org/otp/publix/53/start?batchId=440&personalSingleWorkerId=4279&pre,,,,,,,,
S217,Eng-Fr_BL,zffq3,https://lhq3.herokuapp.com/student/student_signin/?questionnaire_ID=oya28hlu,4314,https://onlinetesting.brams.org/otp/publix/50/start?batchId=446&personalSingleWorkerId=4314&pre,,,,,,,,
S218,Fr-Eng_BL,jevi3,https://lhq3.herokuapp.com/student/student_signin/?questionnaire_ID=oya28hlu,2140,https://onlinetesting.brams.org/otp/publix/52/start?batchId=251&personalSingleWorkerId=2140&pre,,,,,,,,
S219,Eng-Fr_BR,brpi4,https://lhq3.herokuapp.com/student/student_signin/?questionnaire_ID=oya28hlu,2052,https://onlinetesting.brams.org/otp/publix/51/start?batchId=246&personalSingleWorkerId=2052&pre,,,,,,,,
S220,Fr-Eng_BR,hjyj8,https://lhq3.herokuapp.com/student/student_signin/?questionnaire_ID=oya28hlu,4280,https://onlinetesting.brams.org/otp/publix/53/start?batchId=440&personalSingleWorkerId=4280&pre,,,,,,,,
S221,Eng-Fr_BL,gazt7,https://lhq3.herokuapp.com/student/student_signin/?questionnaire_ID=oya28hlu,4315,https://onlinetesting.brams.org/otp/publix/50/start?batchId=446&personalSingleWorkerId=4315&pre,,,,,,,,
S222,Fr-Eng_BL,itwa0,https://lhq3.herokuapp.com/student/student_signin/?questionnaire_ID=oya28hlu,2141,https://onlinetesting.brams.org/otp/publix/52/start?batchId=251&personalSingleWorkerId=2141&pre,,,,,,,,
S223,Eng-Fr_BR,etar7,https://lhq3.herokuapp.com/student/student_signin/?questionnaire_ID=oya28hlu,2053,https://onlinetesting.brams.org/otp/publix/51/start?batchId=246&personalSingleWorkerId=2053&pre,,,,,,,,
S224,Fr-Eng_BR,rzof5,https://lhq3.herokuapp.com/student/student_signin/?questionnaire_ID=oya28hlu,4281,https://onlinetesting.brams.org/otp/publix/53/start?batchId=440&personalSingleWorkerId=4281&pre,,,,,,,,
S225,Eng-Fr_BL,zaph0,https://lhq3.herokuapp.com/student/student_signin/?questionnaire_ID=oya28hlu,4316,https://onlinetesting.brams.org/otp/publix/50/start?batchId=446&personalSingleWorkerId=4316&pre,,,,,,,,
S226,Fr-Eng_BL,vicp2,https://lhq3.herokuapp.com/student/student_signin/?questionnaire_ID=oya28hlu,2142,https://onlinetesting.brams.org/otp/publix/52/start?batchId=251&personalSingleWorkerId=2142&pre,,,,,,,,
S227,Eng-Fr_BR,xarq3,https://lhq3.herokuapp.com/student/student_signin/?questionnaire_ID=oya28hlu,2054,https://onlinetesting.brams.org/otp/publix/51/start?batchId=246&personalSingleWorkerId=2054&pre,,,,,,,,
S228,Fr-Eng_BR,lxnf0,https://lhq3.herokuapp.com/student/student_signin/?questionnaire_ID=oya28hlu,4282,https://onlinetesting.brams.org/otp/publix/53/start?batchId=440&personalSingleWorkerId=4282&pre,,,,,,,,
S229,Eng-Fr_BL,qmql1,https://lhq3.herokuapp.com/student/student_signin/?questionnaire_ID=oya28hlu,4317,https://onlinetesting.brams.org/otp/publix/50/start?batchId=446&personalSingleWorkerId=4317&pre,,,,,,,,
S230,Fr-Eng_BL,cwlg9,https://lhq3.herokuapp.com/student/student_signin/?questionnaire_ID=oya28hlu,2143,https://onlinetesting.brams.org/otp/publix/52/start?batchId=251&personalSingleWorkerId=2143&pre,,,,,,,,
S231,Eng-Fr_BR,ldlk8,https://lhq3.herokuapp.com/student/student_signin/?questionnaire_ID=oya28hlu,2055,https://onlinetesting.brams.org/otp/publix/51/start?batchId=246&personalSingleWorkerId=2055&pre,,,,,,,,
S232,Fr-Eng_BR,pggg3,https://lhq3.herokuapp.com/student/student_signin/?questionnaire_ID=oya28hlu,4283,https://onlinetesting.brams.org/otp/publix/53/start?batchId=440&personalSingleWorkerId=4283&pre,,,,,,,,
S233,Eng-Fr_BL,bkts9,https://lhq3.herokuapp.com/student/student_signin/?questionnaire_ID=oya28hlu,4318,https://onlinetesting.brams.org/otp/publix/50/start?batchId=446&personalSingleWorkerId=4318&pre,,,,,,,,
S234,Fr-Eng_BL,phhq7,https://lhq3.herokuapp.com/student/student_signin/?questionnaire_ID=oya28hlu,2144,https://onlinetesting.brams.org/otp/publix/52/start?batchId=251&personalSingleWorkerId=2144&pre,,,,,,,,
S235,Eng-Fr_BR,ziut3,https://lhq3.herokuapp.com/student/student_signin/?questionnaire_ID=oya28hlu,2056,https://onlinetesting.brams.org/otp/publix/51/start?batchId=246&personalSingleWorkerId=2056&pre,,,,,,,,
S236,Fr-Eng_BR,zdqu7,https://lhq3.herokuapp.com/student/student_signin/?questionnaire_ID=oya28hlu,4284,https://onlinetesting.brams.org/otp/publix/53/start?batchId=440&personalSingleWorkerId=4284&pre,,,,,,,,
S237,Eng-Fr_BL,rilm1,https://lhq3.herokuapp.com/student/student_signin/?questionnaire_ID=oya28hlu,4319,https://onlinetesting.brams.org/otp/publix/50/start?batchId=446&personalSingleWorkerId=4319&pre,,,,,,,,
S238,Fr-Eng_BL,rwjx9,https://lhq3.herokuapp.com/student/student_signin/?questionnaire_ID=oya28hlu,2145,https://onlinetesting.brams.org/otp/publix/52/start?batchId=251&personalSingleWorkerId=2145&pre,,,,,,,,
S239,Eng-Fr_BR,uvms7,https://lhq3.herokuapp.com/student/student_signin/?questionnaire_ID=oya28hlu,2057,https://onlinetesting.brams.org/otp/publix/51/start?batchId=246&personalSingleWorkerId=2057&pre,,,,,,,,
S240,Fr-Eng_BR,yjae7,https://lhq3.herokuapp.com/student/student_signin/?questionnaire_ID=oya28hlu,4285,https://onlinetesting.brams.org/otp/publix/53/start?batchId=440&personalSingleWorkerId=4285&pre,,,,,,,,
S241,Eng-Fr_BL,dcwh6,https://lhq3.herokuapp.com/student/student_signin/?questionnaire_ID=oya28hlu,4320,https://onlinetesting.brams.org/otp/publix/50/start?batchId=446&personalSingleWorkerId=4320&pre,,,,,,,,
S242,Fr-Eng_BL,vnlb2,https://lhq3.herokuapp.com/student/student_signin/?questionnaire_ID=oya28hlu,2146,https://onlinetesting.brams.org/otp/publix/52/start?batchId=251&personalSingleWorkerId=2146&pre,,,,,,,,
S243,Eng-Fr_BR,jbpl3,https://lhq3.herokuapp.com/student/student_signin/?questionnaire_ID=oya28hlu,2058,https://onlinetesting.brams.org/otp/publix/51/start?batchId=246&personalSingleWorkerId=2058&pre,,,,,,,,
S244,Fr-Eng_BR,nqvv0,https://lhq3.herokuapp.com/student/student_signin/?questionnaire_ID=oya28hlu,,,,,,,,,,
S245,Eng-Fr_BL,yogs0,https://lhq3.herokuapp.com/student/student_signin/?questionnaire_ID=oya28hlu,,,,,,,,,,
S246,Fr-Eng_BL,imiv5,https://lhq3.herokuapp.com/student/student_signin/?questionnaire_ID=oya28hlu,2147,https://onlinetesting.brams.org/otp/publix/52/start?batchId=251&personalSingleWorkerId=2147&pre,,,,,,,,
S247,Eng-Fr_BR,nojb4,https://lhq3.herokuapp.com/student/student_signin/?questionnaire_ID=oya28hlu,2059,https://onlinetesting.brams.org/otp/publix/51/start?batchId=246&personalSingleWorkerId=2059&pre,,,,,,,,
S248,Fr-Eng_BR,gcsm2,https://lhq3.herokuapp.com/student/student_signin/?questionnaire_ID=oya28hlu,,,,,,,,,,
S249,Eng-Fr_BL,dnqf6,https://lhq3.herokuapp.com/student/student_signin/?questionnaire_ID=oya28hlu,,,,,,,,,,
S250,Fr-Eng_BL,fqya3,https://lhq3.herokuapp.com/student/student_signin/?questionnaire_ID=oya28hlu,2148,https://onlinetesting.brams.org/otp/publix/52/start?batchId=251&personalSingleWorkerId=2148&pre,,,,,,,,
S251,Eng-Fr_BR,uaes3,https://lhq3.herokuapp.com/student/student_signin/?questionnaire_ID=oya28hlu,2060,https://onlinetesting.brams.org/otp/publix/51/start?batchId=246&personalSingleWorkerId=2060&pre,,,,,,,,
S252,Fr-Eng_BR,qvyc1,https://lhq3.herokuapp.com/student/student_signin/?questionnaire_ID=oya28hlu,,,,,,,,,,
S253,Eng-Fr_BL,ikom2,https://lhq3.herokuapp.com/student/student_signin/?questionnaire_ID=oya28hlu,,,,,,,,,,
S254,Fr-Eng_BL,mfin3,https://lhq3.herokuapp.com/student/student_signin/?questionnaire_ID=oya28hlu,2149,https://onlinetesting.brams.org/otp/publix/52/start?batchId=251&personalSingleWorkerId=2149&pre,,,,,,,,
S255,Eng-Fr_BR,uckv0,https://lhq3.herokuapp.com/student/student_signin/?questionnaire_ID=oya28hlu,2061,https://onlinetesting.brams.org/otp/publix/51/start?batchId=246&personalSingleWorkerId=2061&pre,,,,,,,,
S256,Fr-Eng_BR,ttht1,https://lhq3.herokuapp.com/student/student_signin/?questionnaire_ID=oya28hlu,,,,,,,,,,
S257,Eng-Fr_BL,gpjn9,https://lhq3.herokuapp.com/student/student_signin/?questionnaire_ID=oya28hlu,,,,,,,,,,
S258,Fr-Eng_BL,udnt8,https://lhq3.herokuapp.com/student/student_signin/?questionnaire_ID=oya28hlu,2150,https://onlinetesting.brams.org/otp/publix/52/start?batchId=251&personalSingleWorkerId=2150&pre,,,,,,,,
S259,Eng-Fr_BR,ftzi6,https://lhq3.herokuapp.com/student/student_signin/?questionnaire_ID=oya28hlu,2062,https://onlinetesting.brams.org/otp/publix/51/start?batchId=246&personalSingleWorkerId=2062&pre,,,,,,,,
S260,Fr-Eng_BR,bmuv5,https://lhq3.herokuapp.com/student/student_signin/?questionnaire_ID=oya28hlu,,,,,,,,,,
S261,Eng-Fr_BL,axzj9,https://lhq3.herokuapp.com/student/student_signin/?questionnaire_ID=oya28hlu,,,,,,,,,,
S262,Fr-Eng_BL,rrsj9,https://lhq3.herokuapp.com/student/student_signin/?questionnaire_ID=oya28hlu,2151,https://onlinetesting.brams.org/otp/publix/52/start?batchId=251&personalSingleWorkerId=2151&pre,,,,,,,,
S263,Eng-Fr_BR,aufo0,https://lhq3.herokuapp.com/student/student_signin/?questionnaire_ID=oya28hlu,2063,https://onlinetesting.brams.org/otp/publix/51/start?batchId=246&personalSingleWorkerId=2063&pre,,,,,,,,
S264,Fr-Eng_BR,tuou7,https://lhq3.herokuapp.com/student/student_signin/?questionnaire_ID=oya28hlu,,,,,,,,,,
S265,Eng-Fr_BL,zwuw9,https://lhq3.herokuapp.com/student/student_signin/?questionnaire_ID=oya28hlu,,,,,,,,,,
S266,Fr-Eng_BL,qzrk7,https://lhq3.herokuapp.com/student/student_signin/?questionnaire_ID=oya28hlu,2152,https://onlinetesting.brams.org/otp/publix/52/start?batchId=251&personalSingleWorkerId=2152&pre,,,,,,,,
S267,Eng-Fr_BR,bnjb6,https://lhq3.herokuapp.com/student/student_signin/?questionnaire_ID=oya28hlu,2064,https://onlinetesting.brams.org/otp/publix/51/start?batchId=246&personalSingleWorkerId=2064&pre,,,,,,,,
S268,Fr-Eng_BR,tofd4,https://lhq3.herokuapp.com/student/student_signin/?questionnaire_ID=oya28hlu,,,,,,,,,,
S269,Eng-Fr_BL,bnmu7,https://lhq3.herokuapp.com/student/student_signin/?questionnaire_ID=oya28hlu,,,,,,,,,,
S270,Fr-Eng_BL,cfgo8,https://lhq3.herokuapp.com/student/student_signin/?questionnaire_ID=oya28hlu,2153,https://onlinetesting.brams.org/otp/publix/52/start?batchId=251&personalSingleWorkerId=2153&pre,,,,,,,,
S271,Eng-Fr_BR,zdkv4,https://lhq3.herokuapp.com/student/student_signin/?questionnaire_ID=oya28hlu,2065,https://onlinetesting.brams.org/otp/publix/51/start?batchId=246&personalSingleWorkerId=2065&pre,,,,,,,,
S272,Fr-Eng_BR,wiej4,https://lhq3.herokuapp.com/student/student_signin/?questionnaire_ID=oya28hlu,,,,,,,,,,
S273,Eng-Fr_BL,ozhd9,https://lhq3.herokuapp.com/student/student_signin/?questionnaire_ID=oya28hlu,,,,,,,,,,
S274,Fr-Eng_BL,luwy0,https://lhq3.herokuapp.com/student/student_signin/?questionnaire_ID=oya28hlu,2154,https://onlinetesting.brams.org/otp/publix/52/start?batchId=251&personalSingleWorkerId=2154&pre,,,,,,,,
S275,Eng-Fr_BR,juvm7,https://lhq3.herokuapp.com/student/student_signin/?questionnaire_ID=oya28hlu,2066,https://onlinetesting.brams.org/otp/publix/51/start?batchId=246&personalSingleWorkerId=2066&pre,,,,,,,,
S276,Fr-Eng_BR,pyoc4,https://lhq3.herokuapp.com/student/student_signin/?questionnaire_ID=oya28hlu,,,,,,,,,,
S277,Eng-Fr_BL,ijvk6,https://lhq3.herokuapp.com/student/student_signin/?questionnaire_ID=oya28hlu,,,,,,,,,,
S278,Fr-Eng_BL,ldxu6,https://lhq3.herokuapp.com/student/student_signin/?questionnaire_ID=oya28hlu,2155,https://onlinetesting.brams.org/otp/publix/52/start?batchId=251&personalSingleWorkerId=2155&pre,,,,,,,,
S279,Eng-Fr_BR,ecbs9,https://lhq3.herokuapp.com/student/student_signin/?questionnaire_ID=oya28hlu,2067,https://onlinetesting.brams.org/otp/publix/51/start?batchId=246&personalSingleWorkerId=2067&pre,,,,,,,,
S280,Fr-Eng_BR,pyst4,https://lhq3.herokuapp.com/student/student_signin/?questionnaire_ID=oya28hlu,,,,,,,,,,
S281,Eng-Fr_BL,dxln4,https://lhq3.herokuapp.com/student/student_signin/?questionnaire_ID=oya28hlu,,,,,,,,,,
S282,Fr-Eng_BL,ayzu5,https://lhq3.herokuapp.com/student/student_signin/?questionnaire_ID=oya28hlu,2156,https://onlinetesting.brams.org/otp/publix/52/start?batchId=251&personalSingleWorkerId=2156&pre,,,,,,,,
S283,Eng-Fr_BR,vlzq8,https://lhq3.herokuapp.com/student/student_signin/?questionnaire_ID=oya28hlu,2068,https://onlinetesting.brams.org/otp/publix/51/start?batchId=246&personalSingleWorkerId=2068&pre,,,,,,,,
S284,Fr-Eng_BR,alyx2,https://lhq3.herokuapp.com/student/student_signin/?questionnaire_ID=oya28hlu,,,,,,,,,,
S285,Eng-Fr_BL,jchu2,https://lhq3.herokuapp.com/student/student_signin/?questionnaire_ID=oya28hlu,,,,,,,,,,
S286,Fr-Eng_BL,oshq1,https://lhq3.herokuapp.com/student/student_signin/?questionnaire_ID=oya28hlu,2157,https://onlinetesting.brams.org/otp/publix/52/start?batchId=251&personalSingleWorkerId=2157&pre,,,,,,,,
S287,Eng-Fr_BR,tysu5,https://lhq3.herokuapp.com/student/student_signin/?questionnaire_ID=oya28hlu,2069,https://onlinetesting.brams.org/otp/publix/51/start?batchId=246&personalSingleWorkerId=2069&pre,,,,,,,,
S288,Fr-Eng_BR,nxfj3,https://lhq3.herokuapp.com/student/student_signin/?questionnaire_ID=oya28hlu,,,,,,,,,,
S289,Eng-Fr_BL,dvmi9,https://lhq3.herokuapp.com/student/student_signin/?questionnaire_ID=oya28hlu,,,,,,,,,,
S290,Fr-Eng_BL,ufve4,https://lhq3.herokuapp.com/student/student_signin/?questionnaire_ID=oya28hlu,2158,https://onlinetesting.brams.org/otp/publix/52/start?batchId=251&personalSingleWorkerId=2158&pre,,,,,,,,
S291,Eng-Fr_BR,iavu2,https://lhq3.herokuapp.com/student/student_signin/?questionnaire_ID=oya28hlu,2070,https://onlinetesting.brams.org/otp/publix/51/start?batchId=246&personalSingleWorkerId=2070&pre,,,,,,,,
S292,Fr-Eng_BR,lwsy5,https://lhq3.herokuapp.com/student/student_signin/?questionnaire_ID=oya28hlu,,,,,,,,,,
S293,Eng-Fr_BL,eelu0,https://lhq3.herokuapp.com/student/student_signin/?questionnaire_ID=oya28hlu,,,,,,,,,,
S294,Fr-Eng_BL,kmbw7,https://lhq3.herokuapp.com/student/student_signin/?questionnaire_ID=oya28hlu,2159,https://onlinetesting.brams.org/otp/publix/52/start?batchId=251&personalSingleWorkerId=2159&pre,,,,,,,,
S295,Eng-Fr_BR,cdyp1,https://lhq3.herokuapp.com/student/student_signin/?questionnaire_ID=oya28hlu,2071,https://onlinetesting.brams.org/otp/publix/51/start?batchId=246&personalSingleWorkerId=2071&pre,,,,,,,,
S296,Fr-Eng_BR,rinr3,https://lhq3.herokuapp.com/student/student_signin/?questionnaire_ID=oya28hlu,,,,,,,,,,
S297,Eng-Fr_BL,kghq5,https://lhq3.herokuapp.com/student/student_signin/?questionnaire_ID=oya28hlu,,,,,,,,,,
S298,Fr-Eng_BL,mobd6,https://lhq3.herokuapp.com/student/student_signin/?questionnaire_ID=oya28hlu,2160,https://onlinetesting.brams.org/otp/publix/52/start?batchId=251&personalSingleWorkerId=2160&pre,,,,,,,,
S299,Eng-Fr_BR,gddy2,https://lhq3.herokuapp.com/student/student_signin/?questionnaire_ID=oya28hlu,2072,https://onlinetesting.brams.org/otp/publix/51/start?batchId=246&personalSingleWorkerId=2072&pre,,,,,,,,
S300,Fr-Eng_BR,htla6,https://lhq3.herokuapp.com/student/student_signin/?questionnaire_ID=oya28hlu,,,,,,,,,,